"ID_fish","before_bold","trial","cage","treatment","log_boldness","dens_tot","dens_ces","dens_bs2","name","after_bold"
"B/BB",0.926153124453762,1,"5","C",0.926153124453762,0,0,0,"z_log_boldness",NA
"B/BB",0.3110527158533,2,"5","C",0.3110527158533,0,0,0,"z_log_boldness",NA
"B/BB",NA,3,"5","E",-0.179589373424393,4.77453580901857,2.12201591511936,2.6525198938992,"z_log_boldness",-0.179589373424393
"B/BB",NA,4,"5","E",1.25678924724569,4.77453580901857,2.12201591511936,2.6525198938992,"z_log_boldness",1.25678924724569
"B/BG",1.13862881377707,1,"6","C",1.13862881377707,0,0,0,"z_log_boldness",NA
"B/BG",-0.246268730470389,2,"6","C",-0.24626873047039,0,0,0,"z_log_boldness",NA
"B/BG",NA,3,"6","E",-0.274228589396566,6.3973063973064,2.02020202020202,4.37710437710438,"z_log_boldness",-0.274228589396566
"B/BG",NA,4,"6","E",-2.47163656972478,6.3973063973064,2.02020202020202,4.37710437710438,"z_log_boldness",-2.47163656972478
"B/BR",1.08865094881091,1,"5","C",1.08865094881091,0,0,0,"z_log_boldness",NA
"B/BR",0.22850728275401,2,"5","C",0.22850728275401,0,0,0,"z_log_boldness",NA
"B/BR",NA,3,"5","E",0.716504192595597,6.12912013075456,2.72405339144647,3.40506673930809,"z_log_boldness",0.716504192595597
"B/BR",NA,4,"5","E",0.26234207194987,6.12912013075456,2.72405339144647,3.40506673930809,"z_log_boldness",0.262342071949871
"B/GB",0.598618668819436,1,"7","C",0.598618668819435,0,0,0,"z_log_boldness",NA
"B/GB",-0.0696813566387062,2,"7","C",-0.0696813566387066,0,0,0,"z_log_boldness",NA
"B/GB",NA,3,"7","E",0.138582315194883,13.9630888780962,8.49927149101506,5.46381738708111,"z_log_boldness",0.138582315194883
"B/GB",NA,4,"7","E",-0.232574775064468,13.9630888780962,8.49927149101506,5.46381738708111,"z_log_boldness",-0.232574775064468
"B/GG",1.45566066771873,1,"C2","C",1.45566066771873,0,0,0,"z_log_boldness",NA
"B/GG",-0.427019853059829,2,"C2","C",-0.427019853059829,0,0,0,"z_log_boldness",NA
"B/GG",NA,3,"C2","E",0.822018647528861,1.91021967526266,0,1.91021967526266,"z_log_boldness",0.822018647528862
"B/GG",NA,4,"C2","E",-0.347727671859176,1.91021967526266,0,1.91021967526266,"z_log_boldness",-0.347727671859176
"B/GR",-1.14130227512213,1,"C1","C",-1.14130227512213,0,0,0,"z_log_boldness",NA
"B/GR",0.219867828882643,2,"C1","C",0.219867828882642,0,0,0,"z_log_boldness",NA
"B/GR",NA,3,"C1","E",-0.668248230146872,0.769230769230769,0,0.769230769230769,"z_log_boldness",-0.668248230146872
"B/GR",NA,4,"C1","E",-1.77399072802503,0.769230769230769,0,0.769230769230769,"z_log_boldness",-1.77399072802503
"B/OB",0.882194601223544,1,"9","C",0.882194601223543,0,0,0,"z_log_boldness",NA
"B/OB",-0.302987408631508,2,"9","C",-0.302987408631509,0,0,0,"z_log_boldness",NA
"B/OB",NA,3,"9","E",-0.851753089600784,1.43884892086331,0.479616306954436,0.959232613908873,"z_log_boldness",-0.851753089600783
"B/OB",NA,4,"9","E",-1.90838876557546,1.43884892086331,0.479616306954436,0.959232613908873,"z_log_boldness",-1.90838876557546
"B/OO",1.96674704914924,1,"10","C",1.96674704914924,0,0,0,"z_log_boldness",NA
"B/OO",-0.460572633232797,2,"10","C",-0.460572633232797,0,0,0,"z_log_boldness",NA
"B/OO",NA,3,"10","E",0.65647886223137,16.9445574081605,9.48895214856988,7.45560525959062,"z_log_boldness",0.656478862231371
"B/OO",NA,4,"10","E",-0.24626873047039,16.9445574081605,9.48895214856988,7.45560525959062,"z_log_boldness",-0.246268730470389
"B/RB",-1.17542385451686,1,"3","C",-1.17542385451686,0,0,0,"z_log_boldness",NA
"B/RB",0.138582315194883,2,"3","C",0.138582315194883,0,0,0,"z_log_boldness",NA
"B/RB",NA,3,"3","E",0.845590923909685,6.32111251580278,3.37126000842815,2.94985250737463,"z_log_boldness",0.845590923909686
"B/RB",NA,4,"3","E",0.684207618589592,6.32111251580278,3.37126000842815,2.94985250737463,"z_log_boldness",0.684207618589593
"B/RG",-0.93022061676422,1,"5","C",-0.930220616764221,0,0,0,"z_log_boldness",NA
"B/RG",-0.302987408631508,2,"5","C",-0.302987408631509,0,0,0,"z_log_boldness",NA
"B/RG",NA,3,"5","E",1.40617252730487,4.02058539723384,2.01029269861692,2.01029269861692,"z_log_boldness",1.40617252730487
"B/RG",NA,4,"5","E",-0.668248230146872,4.02058539723384,2.01029269861692,2.01029269861692,"z_log_boldness",-0.668248230146872
"B/RR",1.96368314968695,1,"3","C",1.96368314968695,0,0,0,"z_log_boldness",NA
"B/RR",-0.260151573968469,2,"3","C",-0.26015157396847,0,0,0,"z_log_boldness",NA
"B/RR",NA,3,"3","E",1.31689607149249,3.22812051649928,1.43472022955524,1.79340028694405,"z_log_boldness",1.31689607149249
"B/RR",NA,4,"3","E",-0.0244382254534814,3.22812051649928,1.43472022955524,1.79340028694405,"z_log_boldness",-0.024438225453481
"BB/B",-0.410653798218625,1,"2","C",-0.410653798218626,0,0,0,"z_log_boldness",NA
"BB/B",1.25678924724569,2,"2","C",1.25678924724569,0,0,0,"z_log_boldness",NA
"BB/B",NA,3,"2","E",1.51007879585855,10.5095541401274,6.36942675159236,4.14012738853503,"z_log_boldness",1.51007879585855
"BB/B",NA,4,"2","E",-1.65544325736797,10.5095541401274,6.36942675159236,4.14012738853503,"z_log_boldness",-1.65544325736797
"BB/G",1.01265333747867,1,"2","C",1.01265333747867,0,0,0,"z_log_boldness",NA
"BB/G",0.69508869965953,2,"2","C",0.695088699659529,0,0,0,"z_log_boldness",NA
"BB/G",NA,3,"2","E",-0.0930891603994867,22.5781715941041,8.09406151486751,14.4841100792366,"z_log_boldness",-0.0930891603994863
"BB/G",NA,4,"2","E",-0.410653798218626,22.5781715941041,8.09406151486751,14.4841100792366,"z_log_boldness",-0.410653798218625
"BB/O",1.52204671565698,1,"9","C",1.52204671565698,0,0,0,"z_log_boldness",NA
"BB/O",0.365053645978397,2,"9","C",0.365053645978396,0,0,0,"z_log_boldness",NA
"BB/O",NA,3,"9","E",-1.07634488632528,29.8783137766189,26.0756192959583,3.80269448066058,"z_log_boldness",-1.07634488632527
"BB/O",NA,4,"9","E",-0.0244382254534814,29.8783137766189,26.0756192959583,3.80269448066058,"z_log_boldness",-0.024438225453481
"BB/R",0.22850728275401,1,"1","C",0.22850728275401,0,0,0,"z_log_boldness",NA
"BB/R",0.886677861180266,2,"1","C",0.886677861180265,0,0,0,"z_log_boldness",NA
"BB/R",NA,3,"1","E",1.559414912716,5.67437800087298,1.3094718463553,4.36490615451768,"z_log_boldness",1.559414912716
"BB/R",NA,4,"1","E",-0.288505285451468,5.67437800087298,1.3094718463553,4.36490615451768,"z_log_boldness",-0.288505285451468
"BG/B",1.84494387527589,1,"1","C",1.84494387527589,0,0,0,"z_log_boldness",NA
"BG/B",-0.00255714204022235,2,"1","C",-0.00255714204022276,0,0,0,"z_log_boldness",NA
"BG/B",NA,3,"1","E",0.938974829006827,3.74531835205992,2.62172284644195,1.12359550561798,"z_log_boldness",0.938974829006827
"BG/B",NA,4,"1","E",-0.778963052744192,3.74531835205992,2.62172284644195,1.12359550561798,"z_log_boldness",-0.778963052744191
"BG/G",0.22850728275401,1,"4","C",0.22850728275401,0,0,0,"z_log_boldness",NA
"BG/G",0.401925541867092,2,"4","C",0.401925541867091,0,0,0,"z_log_boldness",NA
"BG/G",NA,3,"4","E",-1.50029210939706,21.3219616204691,2.13219616204691,19.1897654584222,"z_log_boldness",-1.50029210939706
"BG/G",NA,4,"4","E",-0.877235215124145,21.3219616204691,2.13219616204691,19.1897654584222,"z_log_boldness",-0.877235215124145
"BG/R",1.13862881377707,1,"3","C",1.13862881377707,0,0,0,"z_log_boldness",NA
"BG/R",0.984637885180879,2,"3","C",0.984637885180878,0,0,0,"z_log_boldness",NA
"BG/R",NA,3,"3","E",0.678722644818326,15.7068062827225,11.8990956687292,3.80771061399334,"z_log_boldness",0.678722644818326
"BG/R",NA,4,"3","E",-1.14130227512213,15.7068062827225,11.8990956687292,3.80771061399334,"z_log_boldness",-1.14130227512213
"BO/G",-0.219064636697889,1,"10","C",-0.21906463669789,0,0,0,"z_log_boldness",NA
"BO/G",-0.024438225453481,2,"10","C",-0.0244382254534814,0,0,0,"z_log_boldness",NA
"BO/G",NA,3,"10","E",-0.957797415668222,7.74050866199779,7.00331736085514,0.737191301142647,"z_log_boldness",-0.957797415668221
"BO/G",NA,4,"10","E",-0.903379287528398,7.74050866199779,7.00331736085514,0.737191301142647,"z_log_boldness",-0.903379287528398
"BR/B",-1.24734660118957,1,"1","C",-1.24734660118957,0,0,0,"z_log_boldness",NA
"BR/B",0.850239847630441,2,"1","C",0.850239847630441,0,0,0,"z_log_boldness",NA
"BR/B",NA,3,"1","E",-0.711084064809912,9.79519145146928,5.34283170080142,4.45235975066785,"z_log_boldness",-0.711084064809911
"BR/B",NA,4,"1","E",-1.83894811682188,9.79519145146928,5.34283170080142,4.45235975066785,"z_log_boldness",-1.83894811682188
"BR/G",0.451377111229363,1,"C1","C",0.451377111229362,0,0,0,"z_log_boldness",NA
"BR/G",1.4220648079474,2,"C1","C",1.4220648079474,0,0,0,"z_log_boldness",NA
"BR/G",NA,3,"C1","E",-0.957797415668222,4.13793103448276,0,4.13793103448276,"z_log_boldness",-0.957797415668221
"BR/G",NA,4,"C1","E",0.00820756160042092,4.13793103448276,0,4.13793103448276,"z_log_boldness",0.00820756160042133
"BR/R",1.35130934490349,1,"1","C",1.35130934490349,0,0,0,"z_log_boldness",NA
"BR/R",0.639467355361925,2,"1","C",0.639467355361925,0,0,0,"z_log_boldness",NA
"BR/R",NA,3,"1","E",-0.957797415668222,5.54156171284635,2.51889168765743,3.02267002518892,"z_log_boldness",-0.957797415668221
"BR/R",NA,4,"1","E",0.537228289767089,5.54156171284635,2.51889168765743,3.02267002518892,"z_log_boldness",0.537228289767089
"G/BB",0.0603689843192273,1,"C2","C",0.0603689843192269,0,0,0,"z_log_boldness",NA
"G/BB",-1.77399072802503,2,"C2","C",-1.77399072802503,0,0,0,"z_log_boldness",NA
"G/BB",NA,3,"C2","E",-0.930220616764221,1.05263157894737,0,1.05263157894737,"z_log_boldness",-0.93022061676422
"G/BB",NA,4,"C2","E",-1.50029210939706,1.05263157894737,0,1.05263157894737,"z_log_boldness",-1.50029210939706
"G/BG",0.627964485061046,1,"5","C",0.627964485061045,0,0,0,"z_log_boldness",NA
"G/BG",-1.04537351355893,2,"5","C",-1.04537351355893,0,0,0,"z_log_boldness",NA
"G/BG",NA,3,"5","E",1.25678924724569,3.50109409190372,1.75054704595186,1.75054704595186,"z_log_boldness",1.25678924724569
"G/BG",NA,4,"5","E",-0.26015157396847,3.50109409190372,1.75054704595186,1.75054704595186,"z_log_boldness",-0.260151573968469
"G/BR",0.662086064455774,1,"5","C",0.662086064455774,0,0,0,"z_log_boldness",NA
"G/BR",0.752918662239735,2,"5","C",0.752918662239734,0,0,0,"z_log_boldness",NA
"G/BR",NA,3,"5","E",-0.607230142645328,6.86378035902851,0,6.86378035902851,"z_log_boldness",-0.607230142645327
"G/BR",NA,4,"5","E",0.768130390523211,6.86378035902851,0,6.86378035902851,"z_log_boldness",0.768130390523212
"G/GB",1.20922968190537,1,"7","C",1.20922968190537,0,0,0,"z_log_boldness",NA
"G/GB",-0.205733445828646,2,"7","C",-0.205733445828646,0,0,0,"z_log_boldness",NA
"G/GB",NA,3,"7","E",-0.0813172110444402,3.86428626632661,1.9321431331633,1.9321431331633,"z_log_boldness",-0.0813172110444398
"G/GB",NA,4,"7","E",-1.07634488632528,3.86428626632661,1.9321431331633,1.9321431331633,"z_log_boldness",-1.07634488632527
"G/GG",0.689662863359775,1,"6","C",0.689662863359774,0,0,0,"z_log_boldness",NA
"G/GG",0.211153573614332,2,"6","C",0.211153573614332,0,0,0,"z_log_boldness",NA
"G/GG",NA,3,"6","E",1.05516020002042,5.19649236765183,1.6239038648912,3.57258850276064,"z_log_boldness",1.05516020002042
"G/GG",NA,4,"6","E",-0.141604103311416,5.19649236765183,1.6239038648912,3.57258850276064,"z_log_boldness",-0.141604103311415
"G/OG",0.913165973989891,1,"9","C",0.913165973989891,0,0,0,"z_log_boldness",NA
"G/OG",-2.35308909906772,2,"9","C",-2.35308909906772,0,0,0,"z_log_boldness",NA
"G/OG",NA,3,"9","E",-0.957797415668222,4.8348106365834,0.8058017727639,4.0290088638195,"z_log_boldness",-0.957797415668221
"G/OG",NA,4,"9","E",-1.14130227512213,4.8348106365834,0.8058017727639,4.0290088638195,"z_log_boldness",-1.14130227512213
"G/OO",1.31980921447008,1,"10","C",1.31980921447008,0,0,0,"z_log_boldness",NA
"G/OO",-0.851753089600783,2,"10","C",-0.851753089600784,0,0,0,"z_log_boldness",NA
"G/OO",NA,3,"10","E",-0.851753089600784,10.2021888332406,2.78241513633834,7.41977369690224,"z_log_boldness",-0.851753089600783
"G/OO",NA,4,"10","E",-0.04680559475426,10.2021888332406,2.78241513633834,7.41977369690224,"z_log_boldness",-0.0468055947542596
"G/RB",-1.10829963991838,1,"5","C",-1.10829963991838,0,0,0,"z_log_boldness",NA
"G/RB",-0.531232531313086,2,"5","C",-0.531232531313087,0,0,0,"z_log_boldness",NA
"G/RB",NA,3,"5","E",-0.802646267697309,5.45723863724955,3.50822483823185,1.9490137990177,"z_log_boldness",-0.802646267697309
"G/RB",NA,4,"5","E",0.119591370726934,5.45723863724955,3.50822483823185,1.9490137990177,"z_log_boldness",0.119591370726934
"G/RG",0.684207618589593,1,"C2","C",0.684207618589592,0,0,0,"z_log_boldness",NA
"G/RG",-0.219064636697889,2,"C2","C",-0.21906463669789,0,0,0,"z_log_boldness",NA
"G/RG",NA,3,"C2","E",-2.24704477300029,5.02828409805154,0,5.02828409805154,"z_log_boldness",-2.24704477300029
"G/RG",NA,4,"C2","E",-2.60603460727522,5.02828409805154,0,5.02828409805154,"z_log_boldness",-2.60603460727522
"G/RR",1.40081884342611,1,"3","C",1.40081884342611,0,0,0,"z_log_boldness",NA
"G/RR",1.02442528683372,2,"3","C",1.02442528683371,0,0,0,"z_log_boldness",NA
"G/RR",NA,3,"3","E",0.524487737416939,9.15415598681802,7.68949102892713,1.46466495789088,"z_log_boldness",0.524487737416939
"G/RR",NA,4,"3","E",0.157221555214031,9.15415598681802,7.68949102892713,1.46466495789088,"z_log_boldness",0.157221555214031
"GB/B",0.650840246945492,1,"3","C",0.650840246945492,0,0,0,"z_log_boldness",NA
"GB/B",1.11037460209111,2,"3","C",1.11037460209111,0,0,0,"z_log_boldness",NA
"GB/B",NA,3,"3","E",0.511583840205618,6.87466948704389,1.05764145954521,5.81702802749868,"z_log_boldness",0.511583840205618
"GB/B",NA,4,"3","E",-1.21074292387571,6.87466948704389,1.05764145954521,5.81702802749868,"z_log_boldness",-1.21074292387571
"GB/G",0.678722644818326,1,"4","C",0.678722644818326,0,0,0,"z_log_boldness",NA
"GB/G",2.04754454839599,2,"4","C",2.04754454839599,0,0,0,"z_log_boldness",NA
"GB/G",NA,3,"4","E",1.40349924499992,8.28025477707006,3.82165605095541,4.45859872611465,"z_log_boldness",1.40349924499993
"GB/G",NA,4,"4","E",0.964138394566738,8.28025477707006,3.82165605095541,4.45859872611465,"z_log_boldness",0.964138394566739
"GB/R",-0.73320561894373,1,"C1","C",-0.73320561894373,0,0,0,"z_log_boldness",NA
"GB/R",-0.689438280099331,2,"C1","C",-0.689438280099331,0,0,0,"z_log_boldness",NA
"GB/R",NA,3,"C1","E",-2.76118575524613,1.03448275862069,0,1.03448275862069,"z_log_boldness",-2.76118575524613
"GB/R",NA,4,"C1","E",-0.129254375412306,1.03448275862069,0,1.03448275862069,"z_log_boldness",-0.129254375412306
"GG/B",0.802755089246646,1,"C2","C",0.802755089246645,0,0,0,"z_log_boldness",NA
"GG/B",-0.317680957123978,2,"C2","C",-0.317680957123978,0,0,0,"z_log_boldness",NA
"GG/B",NA,3,"C2","E",0.0293976115528794,0.557413600891862,0,0.557413600891862,"z_log_boldness",0.0293976115528798
"GG/B",NA,4,"C2","E",0.138582315194883,0.557413600891862,0,0.557413600891862,"z_log_boldness",0.138582315194883
"GG/G",0.886677861180266,1,"4","C",0.886677861180265,0,0,0,"z_log_boldness",NA
"GG/G",-0.495282631349995,2,"4","C",-0.495282631349996,0,0,0,"z_log_boldness",NA
"GG/G",NA,3,"4","E",1.36252383636773,11.142061281337,9.15240748109829,1.98965380023876,"z_log_boldness",1.36252383636773
"GG/G",NA,4,"4","E",1.96674704914924,11.142061281337,9.15240748109829,1.98965380023876,"z_log_boldness",1.96674704914924
"GG/R",1.20922968190537,1,"4","C",1.20922968190537,0,0,0,"z_log_boldness",NA
"GG/R",1.64718204983972,2,"4","C",1.64718204983972,0,0,0,"z_log_boldness",NA
"GG/R",NA,3,"4","E",0.166413310386665,8.37598883201489,6.51465798045603,1.86133085155886,"z_log_boldness",0.166413310386666
"GG/R",NA,4,"4","E",-0.04680559475426,8.37598883201489,6.51465798045603,1.86133085155886,"z_log_boldness",-0.0468055947542596
"GO/B",1.07018272063418,1,"9","C",1.07018272063418,0,0,0,"z_log_boldness",NA
"GO/B",-0.0468055947542596,2,"9","C",-0.04680559475426,0,0,0,"z_log_boldness",NA
"GO/B",NA,3,"9","E",-0.0930891603994867,9.53389830508475,0,9.53389830508475,"z_log_boldness",-0.0930891603994863
"GO/B",NA,4,"9","E",-1.65544325736797,9.53389830508475,0,9.53389830508475,"z_log_boldness",-1.65544325736797
"GO/O",-0.877235215124145,1,"10","C",-0.877235215124145,0,0,0,"z_log_boldness",NA
"GO/O",-1.83894811682188,2,"10","C",-1.83894811682188,0,0,0,"z_log_boldness",NA
"GO/O",NA,3,"10","E",0.202363210349756,25.4009363482419,12.4514393863931,12.9494969618488,"z_log_boldness",0.202363210349757
"GO/O",NA,4,"10","E",0.184548759523791,25.4009363482419,12.4514393863931,12.9494969618488,"z_log_boldness",0.184548759523792
"GR/B",-0.347727671859176,1,"C2","C",-0.347727671859176,0,0,0,"z_log_boldness",NA
"GR/B",0.0704845488234607,2,"C2","C",0.0704845488234602,0,0,0,"z_log_boldness",NA
"GR/B",NA,3,"C2","E",-1.77399072802503,1.05429625724829,0,1.05429625724829,"z_log_boldness",-1.77399072802503
"GR/B",NA,4,"C2","E",-1.40872990650966,1.05429625724829,0,1.05429625724829,"z_log_boldness",-1.40872990650966
"GR/G",-0.0468055947542596,1,"3","C",-0.04680559475426,0,0,0,"z_log_boldness",NA
"GR/G",-0.98615112715122,2,"3","C",-0.986151127151221,0,0,0,"z_log_boldness",NA
"GR/G",NA,3,"3","E",0.667662201688551,7.47463961558996,4.27122263747998,3.20341697810998,"z_log_boldness",0.667662201688551
"GR/G",NA,4,"3","E",-1.17542385451686,7.47463961558996,4.27122263747998,3.20341697810998,"z_log_boldness",-1.17542385451686
"GR/R",1.53151963448899,1,"4","C",1.53151963448899,0,0,0,"z_log_boldness",NA
"GR/R",0.270625988639923,2,"4","C",0.270625988639923,0,0,0,"z_log_boldness",NA
"GR/R",NA,3,"4","E",0.598618668819435,11.4803625377643,9.06344410876133,2.41691842900302,"z_log_boldness",0.598618668819436
"GR/R",NA,4,"4","E",-1.07634488632528,11.4803625377643,9.06344410876133,2.41691842900302,"z_log_boldness",-1.07634488632527
"O/BO",0.00820756160042133,1,"C1","C",0.00820756160042092,0,0,0,"z_log_boldness",NA
"O/BO",-1.17542385451686,2,"C1","C",-1.17542385451686,0,0,0,"z_log_boldness",NA
"O/BO",NA,3,"C1","E",0.854867396913783,3.44827586206897,0,3.44827586206897,"z_log_boldness",0.854867396913783
"O/BO",NA,4,"C1","E",-1.50029210939706,3.44827586206897,0,3.44827586206897,"z_log_boldness",-1.50029210939706
"O/GO",0.716504192595597,1,"9","C",0.716504192595597,0,0,0,"z_log_boldness",NA
"O/GO",0.700485442863471,2,"9","C",0.70048544286347,0,0,0,"z_log_boldness",NA
"O/GO",NA,3,"9","E",0.365053645978396,0.563063063063063,0,0.563063063063063,"z_log_boldness",0.365053645978397
"O/GO",NA,4,"9","E",-0.647495119726398,0.563063063063063,0,0.563063063063063,"z_log_boldness",-0.647495119726397
"O/OB",0.737473496808358,1,"9","C",0.737473496808358,0,0,0,"z_log_boldness",NA
"O/OB",-0.549700759489818,2,"9","C",-0.549700759489819,0,0,0,"z_log_boldness",NA
"O/OB",NA,3,"9","E",-1.24734660118957,6.17283950617284,2.24466891133558,3.92817059483726,"z_log_boldness",-1.24734660118957
"O/OB",NA,4,"9","E",-1.21074292387571,6.17283950617284,2.24466891133558,3.92817059483726,"z_log_boldness",-1.21074292387571
"O/OO",0.0188583508958454,1,"10","C",0.018858350895845,0,0,0,"z_log_boldness",NA
"O/OO",-0.957797415668221,2,"10","C",-0.957797415668222,0,0,0,"z_log_boldness",NA
"O/OO",NA,3,"10","E",1.10678639794803,6.5123010130246,2.89435600578871,3.61794500723589,"z_log_boldness",1.10678639794804
"O/OO",NA,4,"10","E",0.018858350895845,6.5123010130246,2.89435600578871,3.61794500723589,"z_log_boldness",0.0188583508958454
"OB/B",1.10318535583793,1,"10","C",1.10318535583793,0,0,0,"z_log_boldness",NA
"OB/B",-0.957797415668221,2,"10","C",-0.957797415668222,0,0,0,"z_log_boldness",NA
"OB/B",NA,3,"10","E",0.705853403300173,6.87658342381469,3.98117987694535,2.89540354686934,"z_log_boldness",0.705853403300173
"OB/B",NA,4,"10","E",0.568391466287446,6.87658342381469,3.98117987694535,2.89540354686934,"z_log_boldness",0.568391466287446
"OB/O",1.23803422887009,1,"8","C",1.23803422887009,0,0,0,"z_log_boldness",NA
"OB/O",1.11037460209111,2,"8","C",1.11037460209111,0,0,0,"z_log_boldness",NA
"OB/O",NA,3,"8","E",-0.0134382231101598,1.94539913105505,1.2969327540367,0.648466377018352,"z_log_boldness",-0.0134382231101594
"OB/O",NA,4,"8","E",-1.21074292387571,1.94539913105505,1.2969327540367,0.648466377018352,"z_log_boldness",-1.21074292387571
"OG/B",0.3110527158533,1,"7","C",0.3110527158533,0,0,0,"z_log_boldness",NA
"OG/B",1.408838728059,2,"7","C",1.408838728059,0,0,0,"z_log_boldness",NA
"OG/B",NA,3,"7","E",-1.07634488632528,2.64177527298345,2.64177527298345,0,"z_log_boldness",-1.07634488632527
"OG/B",NA,4,"7","E",1.06269948767815,2.64177527298345,2.64177527298345,0,"z_log_boldness",1.06269948767815
"OG/G",1.97284700840325,1,"7","C",1.97284700840325,0,0,0,"z_log_boldness",NA
"OG/G",2.08902666369408,2,"7","C",2.08902666369408,0,0,0,"z_log_boldness",NA
"OG/G",NA,3,"7","E",-0.851753089600784,2.23538616295965,1.67653962221974,0.558846540739913,"z_log_boldness",-0.851753089600783
"OG/G",NA,4,"7","E",-0.410653798218626,2.23538616295965,1.67653962221974,0.558846540739913,"z_log_boldness",-0.410653798218625
"OG/O",-0.755824328037578,1,"8","C",-0.755824328037579,0,0,0,"z_log_boldness",NA
"OG/O",-0.302987408631508,2,"8","C",-0.302987408631509,0,0,0,"z_log_boldness",NA
"OG/O",NA,3,"8","E",-0.778963052744192,10.9697235629662,0.438788942518649,10.5309346204476,"z_log_boldness",-0.778963052744191
"OG/O",NA,4,"8","E",-0.778963052744192,10.9697235629662,0.438788942518649,10.5309346204476,"z_log_boldness",-0.778963052744191
"OO/B",-0.117054344872901,1,"7","C",-0.117054344872901,0,0,0,"z_log_boldness",NA
"OO/B",-1.21074292387571,2,"7","C",-1.21074292387571,0,0,0,"z_log_boldness",NA
"OO/B",NA,3,"7","E",-1.77399072802503,6.35391295139257,1.58847823784814,4.76543471354443,"z_log_boldness",-1.77399072802503
"OO/B",NA,4,"7","E",0.485268872105883,6.35391295139257,1.58847823784814,4.76543471354443,"z_log_boldness",0.485268872105884
"OO/G",0.295076345547952,1,"8","C",0.295076345547952,0,0,0,"z_log_boldness",NA
"OO/G",-0.363094232878304,2,"8","C",-0.363094232878305,0,0,0,"z_log_boldness",NA
"OO/G",NA,3,"8","E",-1.07634488632528,2.27894257064722,0,2.27894257064722,"z_log_boldness",-1.07634488632527
"OO/G",NA,4,"8","E",-0.957797415668222,2.27894257064722,0,2.27894257064722,"z_log_boldness",-0.957797415668221
"OO/O",0.379964884575774,1,"8","C",0.379964884575774,0,0,0,"z_log_boldness",NA
"OO/O",-0.851753089600783,2,"8","C",-0.851753089600784,0,0,0,"z_log_boldness",NA
"OO/O",NA,3,"8","E",-0.568514208111066,1.71770710639969,0.736160188457008,0.981546917942678,"z_log_boldness",-0.568514208111065
"OO/O",NA,4,"8","E",-1.36589407184662,1.71770710639969,0.736160188457008,0.981546917942678,"z_log_boldness",-1.36589407184662
"R/BB",1.21247119902643,1,"C2","C",1.21247119902643,0,0,0,"z_log_boldness",NA
"R/BB",0.295076345547952,2,"C2","C",0.295076345547952,0,0,0,"z_log_boldness",NA
"R/BB",NA,3,"C2","E",-1.65544325736797,2.39120038259206,0,2.39120038259206,"z_log_boldness",-1.65544325736797
"R/BB",NA,4,"C2","E",-0.347727671859176,2.39120038259206,0,2.39120038259206,"z_log_boldness",-0.347727671859176
"R/BG",-0.0468055947542596,1,"6","C",-0.04680559475426,0,0,0,"z_log_boldness",NA
"R/BG",0.524487737416939,2,"6","C",0.524487737416939,0,0,0,"z_log_boldness",NA
"R/BG",NA,3,"6","E",0.518056468275359,3.97526501766784,3.53356890459364,0.441696113074205,"z_log_boldness",0.518056468275359
"R/BG",NA,4,"6","E",-0.47777801281711,3.97526501766784,3.53356890459364,0.441696113074205,"z_log_boldness",-0.477778012817109
"R/BR",-0.957797415668221,1,"6","C",-0.957797415668222,0,0,0,"z_log_boldness",NA
"R/BR",-1.65544325736797,2,"6","C",-1.65544325736797,0,0,0,"z_log_boldness",NA
"R/BR",NA,3,"6","E",-1.24734660118957,15.8562367864693,13.7420718816068,2.11416490486258,"z_log_boldness",-1.24734660118957
"R/BR",NA,4,"6","E",0.401925541867091,15.8562367864693,13.7420718816068,2.11416490486258,"z_log_boldness",0.401925541867092
"R/GB",1.5004009309464,1,"7","C",1.5004009309464,0,0,0,"z_log_boldness",NA
"R/GB",-0.232574775064468,2,"7","C",-0.232574775064468,0,0,0,"z_log_boldness",NA
"R/GB",NA,3,"7","E",0.783115633031957,7.7910174152154,0.916590284142988,6.87442713107241,"z_log_boldness",0.783115633031958
"R/GB",NA,4,"7","E",-0.21906463669789,7.7910174152154,0.916590284142988,6.87442713107241,"z_log_boldness",-0.219064636697889
"R/GG",-1.14130227512213,1,"8","C",-1.14130227512213,0,0,0,"z_log_boldness",NA
"R/GG",-0.024438225453481,2,"8","C",-0.0244382254534814,0,0,0,"z_log_boldness",NA
"R/GG",NA,3,"8","E",-1.14130227512213,4.86313741836876,2.77893566763929,2.08420175072947,"z_log_boldness",-1.14130227512213
"R/GG",NA,4,"8","E",-1.83894811682188,4.86313741836876,2.77893566763929,2.08420175072947,"z_log_boldness",-1.83894811682188
"R/GR",0.895584912195956,1,"8","C",0.895584912195956,0,0,0,"z_log_boldness",NA
"R/GR",0.711192886359248,2,"8","C",0.711192886359248,0,0,0,"z_log_boldness",NA
"R/GR",NA,3,"8","E",0.913165973989891,3.34846342733834,2.60436044348538,0.744102983852965,"z_log_boldness",0.913165973989891
"R/GR",NA,4,"8","E",-1.24734660118957,3.34846342733834,2.60436044348538,0.744102983852965,"z_log_boldness",-1.24734660118957
"R/RB",0.0293976115528798,1,"6","C",0.0293976115528794,0,0,0,"z_log_boldness",NA
"R/RB",0.633732352972775,2,"6","C",0.633732352972775,0,0,0,"z_log_boldness",NA
"R/RB",NA,3,"6","E",1.2782373385266,21.6998191681736,17.4804098854732,4.21940928270042,"z_log_boldness",1.2782373385266
"R/RB",NA,4,"6","E",0.286992043481126,21.6998191681736,17.4804098854732,4.21940928270042,"z_log_boldness",0.286992043481127
"R/RG",0.278842280766096,1,"6","C",0.278842280766096,0,0,0,"z_log_boldness",NA
"R/RG",-0.129254375412306,2,"6","C",-0.129254375412306,0,0,0,"z_log_boldness",NA
"R/RG",NA,3,"6","E",0.943212688725089,5.40832882639265,4.86749594375338,0.540832882639264,"z_log_boldness",0.943212688725089
"R/RG",NA,4,"6","E",1.14902295292911,5.40832882639265,4.86749594375338,0.540832882639264,"z_log_boldness",1.14902295292911
"R/RR",1.24745542273891,1,"4","C",1.24745542273891,0,0,0,"z_log_boldness",NA
"R/RR",-0.317680957123978,2,"4","C",-0.317680957123978,0,0,0,"z_log_boldness",NA
"R/RR",NA,3,"4","E",-0.51309708217596,32.8992460589445,24.6744345442084,8.22481151473612,"z_log_boldness",-0.513097082175959
"R/RR",NA,4,"4","E",-0.47777801281711,32.8992460589445,24.6744345442084,8.22481151473612,"z_log_boldness",-0.477778012817109
"RB/B",1.86882781419834,1,"2","C",1.86882781419834,0,0,0,"z_log_boldness",NA
"RB/B",0.574509966565068,2,"2","C",0.574509966565067,0,0,0,"z_log_boldness",NA
"RB/B",NA,3,"2","E",1.35412470393112,6.84324933580227,2.41526447145962,4.42798486434265,"z_log_boldness",1.35412470393112
"RB/B",NA,4,"2","E",-0.647495119726398,6.84324933580227,2.41526447145962,4.42798486434265,"z_log_boldness",-0.647495119726397
"RB/G",0.598618668819436,1,"2","C",0.598618668819435,0,0,0,"z_log_boldness",NA
"RB/G",0.845590923909686,2,"2","C",0.845590923909685,0,0,0,"z_log_boldness",NA
"RB/G",NA,3,"2","E",-2.15111601143708,6.33927816752599,3.38094835601386,2.95832981151213,"z_log_boldness",-2.15111601143708
"RB/G",NA,4,"2","E",-1.90838876557546,6.33927816752599,3.38094835601386,2.95832981151213,"z_log_boldness",-1.90838876557546
"RB/R",0.580591496826851,1,"2","C",0.580591496826851,0,0,0,"z_log_boldness",NA
"RB/R",0.921842667346828,2,"2","C",0.921842667346827,0,0,0,"z_log_boldness",NA
"RB/R",NA,3,"2","E",-0.26015157396847,25.4022015241321,16.4055884843353,8.99661303979678,"z_log_boldness",-0.260151573968469
"RB/R",NA,4,"2","E",0.430480370384652,25.4022015241321,16.4055884843353,8.99661303979678,"z_log_boldness",0.430480370384653
"RG/B",0.763085316320188,1,"C1","C",0.763085316320188,0,0,0,"z_log_boldness",NA
"RG/B",0.662086064455774,2,"C1","C",0.662086064455774,0,0,0,"z_log_boldness",NA
"RG/B",NA,3,"C1","E",-0.0134382231101598,0,0,0,"z_log_boldness",-0.0134382231101594
"RG/B",NA,4,"C1","E",-1.50029210939706,0,0,0,"z_log_boldness",-1.50029210939706
"RG/G",1.77154941757388,1,"1","C",1.77154941757388,0,0,0,"z_log_boldness",NA
"RG/G",-0.0581784863378257,2,"1","C",-0.0581784863378261,0,0,0,"z_log_boldness",NA
"RG/G",NA,3,"1","E",0.913165973989891,13.1297412954678,6.32172729041043,6.80801400505738,"z_log_boldness",0.913165973989891
"RG/G",NA,4,"1","E",-0.117054344872901,13.1297412954678,6.32172729041043,6.80801400505738,"z_log_boldness",-0.117054344872901
"RG/R",-0.73320561894373,1,"C1","C",-0.73320561894373,0,0,0,"z_log_boldness",NA
"RG/R",-0.0696813566387062,2,"C1","C",-0.0696813566387066,0,0,0,"z_log_boldness",NA
"RG/R",NA,3,"C1","E",0.556041738388335,3.68421052631579,0,3.68421052631579,"z_log_boldness",0.556041738388336
"RG/R",NA,4,"C1","E",-1.54939893130054,3.68421052631579,0,3.68421052631579,"z_log_boldness",-1.54939893130054
"RR/B",1.29029125740195,1,"2","C",1.29029125740195,0,0,0,"z_log_boldness",NA
"RR/B",-0.394549611518906,2,"2","C",-0.394549611518907,0,0,0,"z_log_boldness",NA
"RR/B",NA,3,"2","E",0.245566847025337,12.1384476659499,2.08087674273427,10.0575709232156,"z_log_boldness",0.245566847025337
"RR/B",NA,4,"2","E",-0.668248230146872,12.1384476659499,2.08087674273427,10.0575709232156,"z_log_boldness",-0.668248230146872
"RR/R",-1.21074292387571,1,"1","C",-1.21074292387571,0,0,0,"z_log_boldness",NA
"RR/R",0.451377111229363,2,"1","C",0.451377111229362,0,0,0,"z_log_boldness",NA
"RR/R",NA,3,"1","E",0.416304217778824,4.33233850004814,4.33233850004814,0,"z_log_boldness",0.416304217778824
"RR/R",NA,4,"1","E",-0.495282631349996,4.33233850004814,4.33233850004814,0,"z_log_boldness",-0.495282631349995
