"ID_fish","trial","cage","treatment","log_boldness","exploration","log_activity","z_log_boldness","z_log_activity","z_exploration","dens_tot","dens_bs","dens_ces","BS_pre","BS_post_tot","name","body_condition","z_bc","z_dens","z_bs","z_ces","z_bs_pre","z_bs_post"
"B/BB",3,"5","E",-0.271500767607743,0.2397661,1.04826186383858,-0.271500767607744,1.04826186383858,-0.576976038524732,11.1220159151194,4.77453580901857,2.12201591511936,4,9,"fulton3",0.0303546896369057,1.48879036345883,-0.602590742142167,-0.298208146356757,-0.507275858695161,-0.162891796772026,-0.419518115668786
"B/BB",4,"5","E",1.22768061048692,0.2879929,0.243331437665179,1.22768061048692,0.243331437665179,0.119164278235793,11.1220159151194,4.77453580901857,2.12201591511936,4,9,"fulton4",0.0275512577996917,0.349225163051089,-0.602590742142167,-0.298208146356757,-0.507275858695161,-0.162891796772026,-0.419518115668786
"B/BG",3,"6","E",-0.370277892372224,0.376163,1.40897457067871,-0.370277892372224,1.40897457067871,1.39187491511834,19.020202020202,5.72390572390572,2.02020202020202,4,17,"fulton3",0.0305128626612969,1.55308601418476,-0.00724054930187626,-0.14035002235115,-0.525759483712854,-0.162891796772026,0.2258943699755
"B/BG",4,"6","E",-2.66376310356803,0.4804762,1.36253706110994,-2.66376310356803,1.36253706110994,2.89760666780158,19.020202020202,5.72390572390572,2.02020202020202,4,17,"fulton4",0.0278882603607423,0.486213116859588,-0.00724054930187626,-0.14035002235115,-0.525759483712854,-0.162891796772026,0.2258943699755
"B/BR",3,"5","E",0.663772681798585,0.3198937,0.296466907316982,0.663772681798585,0.296466907316981,0.579643369050738,11.7240533914465,6.12912013075456,2.72405339144647,4,9,"fulton3",0.024142301782836,-1.03647917081633,-0.557210306323142,-0.0729722962592023,-0.397980020754152,-0.162891796772026,-0.419518115668786
"B/BR",4,"5","E",0.189753238658708,0.3424408,-0.445685170402637,0.189753238658708,-0.445685170402637,0.905104426720565,11.7240533914465,6.12912013075456,2.72405339144647,4,9,"fulton4",0.0243773321490195,-0.940941828767748,-0.557210306323142,-0.0729722962592023,-0.397980020754152,-0.162891796772026,-0.419518115668786
"B/GB",3,"7","E",0.0605823362137477,0.2038104,-0.671690253070606,0.0605823362137475,-0.671690253070606,-1.09598647229488,17.4992714910151,5.46381738708111,8.49927149101506,0,9,"fulton3",0.0245412816969878,-0.874298082696531,-0.121885389496945,-0.183596660234922,0.650471822036902,-0.746384800134508,-0.419518115668786
"B/GB",4,"7","E",-0.326802849041266,0.2942459,-0.740831762406916,-0.326802849041266,-0.740831762406916,0.20942457750308,17.4992714910151,5.46381738708111,8.49927149101506,0,9,"fulton4",0.0232137503871307,-1.4139254291093,-0.121885389496945,-0.183596660234922,0.650471822036902,-0.746384800134508,-0.419518115668786
"B/OB",3,"9","E",-0.97305348624432,0.1905184,0.80741712310028,-0.973053486244321,0.80741712310028,-1.28785276013444,4.47961630695444,1.91846522781775,0.479616306954436,2,4,"fulton3",0.0271019288535792,0.166577729384735,-1.10328214584288,-0.773106220233003,-0.805442415540599,-0.454638298453267,-0.822900919196465
"B/OB",4,"9","E",-2.07588842548389,0.2866637,0.842942967628086,-2.07588842548389,0.842942967628086,0.0999776494518377,4.47961630695444,1.91846522781775,0.479616306954436,2,4,"fulton4",0.0239825236072287,-1.10142729842541,-1.10328214584288,-0.773106220233003,-0.805442415540599,-0.454638298453267,-0.822900919196465
"B/OO",3,"10","E",0.601122864959868,0.1924072,1.28626996420039,0.601122864959868,1.28626996420039,-1.26058846247635,33.4889521485699,8.13338755591704,9.48895214856988,2,24,"fulton3",0.0291596310541809,1.00301177050572,1.08338621796797,0.260290735126519,0.830141661564785,-0.454638298453267,0.790630294914251
"B/OO",4,"10","E",-0.341095545020992,0.3190476,-1.24708122161141,-0.341095545020992,-1.24708122161141,0.567430153120776,33.4889521485699,8.13338755591704,9.48895214856988,2,24,"fulton4",0.0295383228607159,1.15694595883815,1.08338621796797,0.260290735126519,0.830141661564785,-0.454638298453267,0.790630294914251
"B/RB",3,"3","E",0.798503470018553,0.2707133,-1.95033039830315,0.798503470018553,-1.95033039830315,-0.130261895955635,32.3712600084282,12.220817530552,3.37126000842815,22,29,"fulton3",0.03104418897183,1.76906450365867,0.99913671785284,0.939935221097888,-0.280484030379053,2.46282671835914,1.19401309844193
"B/RB",4,"3","E",0.63006400524959,0.331299,-0.229305990082478,0.63006400524959,-0.229305990082478,0.744275672142563,32.3712600084282,12.220817530552,3.37126000842815,22,29,"fulton4",0.0260411522633745,-0.264616662987498,0.99913671785284,0.939935221097888,-0.280484030379053,2.46282671835914,1.19401309844193
"B/RG",3,"5","E",1.38359537309941,0.3610988,0.913281328909871,1.38359537309941,0.913281328909871,1.17442741788145,7.01029269861692,2.01029269861692,2.01029269861692,0,5,"fulton3",0.0286087926694961,0.779101830587426,-0.912524589899361,-0.757837448761285,-0.527558454123597,-0.746384800134508,-0.742224358490929
"B/RG",4,"5","E",-0.781525247015277,0.3419204,-0.0256628283448825,-0.781525247015277,-0.0256628283448826,0.897592598839757,7.01029269861692,2.01029269861692,2.01029269861692,0,5,"fulton4",0.0286087926694961,0.779101830587426,-0.912524589899361,-0.757837448761285,-0.527558454123597,-0.746384800134508,-0.742224358490929
"B/RR",3,"3","E",1.29041548436382,0.3278689,0.413333580246245,1.29041548436382,0.413333580246245,0.694763141754474,8.43472022955524,2.51076040172166,1.43472022955524,2,7,"fulton3",0.0285390451689286,0.750750214041211,-0.805153961510974,-0.674621316146739,-0.63204974872814,-0.454638298453267,-0.580871237079858
"B/RR",4,"3","E",-0.10956594869524,0.2643369,-1.61073457079424,-0.109565948695241,-1.61073457079424,-0.222303439574366,8.43472022955524,2.51076040172166,1.43472022955524,2,7,"fulton4",0.02474294428275,-0.79232438820242,-0.805153961510974,-0.674621316146739,-0.63204974872814,-0.454638298453267,-0.580871237079858
"BB/B",3,"2","E",1.49204473362408,0.3380594,-0.150511200035688,1.49204473362408,-0.150511200035688,0.84186014794083,23.3694267515924,5.4140127388535,6.36942675159236,4,17,"fulton3",0.0256114318301784,-0.439293444878178,0.320595709313602,-0.191878014228432,0.263812893593426,-0.162891796772026,0.2258943699755
"BB/B",4,"2","E",-1.81188338522476,0.3093137,-1.23635876568308,-1.81188338522476,-1.23635876568308,0.42692403972915,23.3694267515924,5.4140127388535,6.36942675159236,4,17,"fulton4",0.0258889270214645,-0.326494603446603,0.320595709313602,-0.191878014228432,0.263812893593426,-0.162891796772026,0.2258943699755
"BB/G",3,"2","E",-0.181218507274695,0.3635982,-1.22462446556703,-0.181218507274695,-1.22462446556703,1.21050555509378,70.0940615148675,26.4122007327256,8.09406151486751,28,62,"fulton3",0.0275022326919923,0.329296978624106,3.84260949154229,3.29963199915104,0.576908687470442,3.33806622340286,3.85633960172461
"BB/G",4,"2","E",-0.512668018224483,0.2702703,-1.3587560732435,-0.512668018224483,-1.3587560732435,-0.136656476569005,70.0940615148675,26.4122007327256,8.09406151486751,28,62,"fulton4",0.0231968679465177,-1.4207879615116,3.84260949154229,3.29963199915104,0.576908687470442,3.33806622340286,3.85633960172461
"BB/O",3,"9","E",-1.20746510618691,0.2105263,0.487704248340392,-1.20746510618691,0.487704248340392,-0.999044341501799,33.0756192959583,3.80269448066058,26.0756192959583,0,7,"fulton3",0.0234963826800561,-1.29903841054376,1.05222997649232,-0.45980274348905,3.84133906339802,-0.746384800134508,-0.580871237079858
"BB/O",4,"9","E",-0.10956594869524,0.3221326,0.60815226801922,-0.109565948695241,0.60815226801922,0.611961261906891,33.0756192959583,3.80269448066058,26.0756192959583,0,7,"fulton4",0.0241495496282166,-1.03353299881956,1.05222997649232,-0.45980274348905,3.84133906339802,-0.746384800134508,-0.580871237079858
"BB/R",3,"1","E",1.54353797265996,0.2866637,0.376101306479046,1.54353797265996,0.376101306479046,0.0999776494518377,15.3094718463553,6.11086861632475,1.3094718463553,4,14,"fulton3",0.0288482922004063,0.876455840524929,-0.286948306904128,-0.0760070983768716,-0.654787746827708,-0.162891796772026,-0.0161353121411071
"BB/R",4,"1","E",-0.385178808160181,0.3638434,-0.832851576099349,-0.385178808160181,-0.832851576099349,1.21404494824592,15.3094718463553,6.11086861632475,1.3094718463553,4,14,"fulton4",0.0258238216153976,-0.352959257991578,-0.286948306904128,-0.0760070983768716,-0.654787746827708,-0.162891796772026,-0.0161353121411071
"BG/B",3,"1","E",0.895970397972468,0.2547289,0.0882404471944296,0.895970397972467,0.0882404471944296,-0.360992221816504,5.62172284644195,1.12359550561798,2.62172284644195,0,3,"fulton3",0.0301430874688676,1.40277633457248,-1.01719233490636,-0.905274557577281,-0.416557440105954,-0.746384800134508,-0.903577479902001
"BG/B",4,"1","E",-0.897080851873503,0.1670359,-1.44657055129692,-0.897080851873503,-1.44657055129692,-1.62681605416036,5.62172284644195,1.12359550561798,2.62172284644195,0,3,"fulton4",0.0257168450150737,-0.396444107299771,-1.01719233490636,-0.905274557577281,-0.416557440105954,-0.746384800134508,-0.903577479902001
"BG/G",3,"4","E",-1.64994856631226,0.2424504,0.0344604397484328,-1.64994856631226,0.0344604397484327,-0.538228921729085,61.1321961620469,31.4498933901919,2.13219616204691,23,59,"fulton3",0.025559840709417,-0.460264686300672,3.16708118731848,4.13728305566148,-0.505427703618203,2.60869996919976,3.614309919608
"BG/G",4,"4","E",-0.999649766298303,0.2867232,-2.02707892894997,-0.999649766298303,-2.02707892894997,0.100836515245281,61.1321961620469,31.4498933901919,2.13219616204691,23,59,"fulton4",0.0270213702597354,0.133831518501502,3.16708118731848,4.13728305566148,-0.505427703618203,2.60869996919976,3.614309919608
"BG/R",3,"3","E",0.624339212065615,0.2618747,-0.19749945509513,0.624339212065615,-0.19749945509513,-0.257844605231796,19.8990956687292,3.80771061399334,11.8990956687292,0,8,"fulton3",0.0263739835905891,-0.129324271332203,0.0590087763249353,-0.458968677246531,1.26768694064104,-0.746384800134508,-0.500194676374322
"BG/R",4,"3","E",-1.27526262576324,0.2472678,-1.04198535199691,-1.27526262576324,-1.04198535199691,-0.468691105370501,19.8990956687292,3.80771061399334,11.8990956687292,0,8,"fulton4",0.023210635389321,-1.41519164256103,0.0590087763249353,-0.458968677246531,1.26768694064104,-0.746384800134508,-0.500194676374322
"BO/G",3,"10","E",-1.0837343865342,0.3642857,-0.911254604481777,-1.0837343865342,-0.911254604481777,1.22042942455583,13.0033173608551,2.21157390342794,7.00331736085514,4,6,"fulton3",0.0251678337169991,-0.619611355959629,-0.460781830120113,-0.724369068427332,0.378891452697393,-0.162891796772026,-0.661547797785393
"BO/G",4,"10","E",-1.02693693552513,0.3252688,0.118797988115436,-1.02693693552513,0.118797988115435,0.657231428316945,13.0033173608551,2.21157390342794,7.00331736085514,4,6,"fulton4",0.0239284026911859,-1.12342687470112,-0.460781830120113,-0.724369068427332,0.378891452697393,-0.162891796772026,-0.661547797785393
"BR/B",3,"1","E",-0.826233992131528,0.2351165,0.886602155532956,-0.826233992131528,0.886602155532956,-0.644091708998612,15.3428317008014,4.45235975066785,5.34283170080142,0,10,"fulton3",0.0270219962695283,0.13408598481869,-0.284433704752018,-0.351778527483497,0.0774414952764791,-0.746384800134508,-0.33884155496325
"BR/B",4,"1","E",-2.0034116244538,0.2972973,-0.839867531390096,-2.0034116244538,-0.839867531390096,0.253470679723485,15.3428317008014,4.45235975066785,5.34283170080142,0,10,"fulton4",0.026010155216933,-0.277216632414706,-0.284433704752018,-0.351778527483497,0.0774414952764791,-0.746384800134508,-0.33884155496325
"BR/R",3,"1","E",-1.0837343865342,0.2946506,-0.372472202091828,-1.0837343865342,-0.372472202091829,0.215266308370418,10.5188916876574,4.03022670025189,2.51889168765743,2,8,"fulton3",0.0266422215830421,-0.0202883826870736,-0.648053095187392,-0.421969430285961,-0.435225742508598,-0.454638298453267,-0.500194676374322
"BR/R",4,"1","E",0.476658301791852,0.2733717,-1.0212420465351,0.476658301791852,-1.0212420465351,-0.0918886383877229,10.5188916876574,4.03022670025189,2.51889168765743,2,8,"fulton4",0.0239497532487689,-1.11474810031185,-0.648053095187392,-0.421969430285961,-0.435225742508598,-0.454638298453267,-0.500194676374322
"G/BG",3,"5","E",1.22768061048692,0.2462335,-1.74191532444962,1.22768061048692,-1.74191532444962,-0.483620935457205,5.75054704595186,1.75054704595186,1.75054704595186,0,4,"fulton3",0.0280651789826926,0.558128653453841,-1.00748181264209,-0.801027106243945,-0.574713523161421,-0.746384800134508,-0.822900919196465
"G/BG",4,"5","E",-0.355585387843642,0.3578154,-0.340423785768409,-0.355585387843642,-0.340423785768409,1.12703246080258,5.75054704595186,1.75054704595186,1.75054704595186,0,4,"fulton4",0.0268242862509391,0.0537189668068935,-1.00748181264209,-0.801027106243945,-0.574713523161421,-0.746384800134508,-0.822900919196465
"G/BR",3,"5","E",-0.717839266736211,0.2336066,-0.317622352330526,-0.717839266736211,-0.317622352330526,-0.665886691545178,18,9.50369588173178,0,5,18,"fulton3",0.0261199180331045,-0.232599216022624,-0.0841414302614245,0.488141121188196,-0.892513516958671,-0.0170185459314057,0.306570930681036
"G/BR",4,"5","E",0.71765613107939,0.3147541,0.432659161633477,0.717656131079389,0.432659161633477,0.505454686160262,18,9.50369588173178,0,5,18,"fulton4",0.0264993782649833,-0.0783526709675236,-0.0841414302614245,0.488141121188196,-0.892513516958671,-0.0170185459314057,0.306570930681036
"G/GB",3,"7","E",-0.168931853182944,0.2786885,1.39579227462148,-0.168931853182945,1.39579227462148,-0.0151421232518987,8.9321431331633,2.70500038642863,1.9321431331633,2,7,"fulton3",0.0280421228349132,0.548756574805061,-0.767659172499144,-0.642323726859465,-0.541745979945226,-0.454638298453267,-0.580871237079858
"G/GB",4,"7","E",-1.20746510618691,0.3693918,-1.20596738168556,-1.20746510618691,-1.20596738168556,1.29413454435252,8.9321431331633,2.70500038642863,1.9321431331633,2,7,"fulton4",0.0280230501553472,0.54100373358259,-0.767659172499144,-0.642323726859465,-0.541745979945226,-0.454638298453267,-0.580871237079858
"G/GG",3,"6","E",1.01723573994013,0.2873406,0.611374273273614,1.01723573994013,0.611374273273614,0.109748510890191,20.6239038648912,6.17083468658655,1.6239038648912,8,19,"fulton3",0.0304248052183202,1.51729160095128,0.113643434664979,-0.0660361363660927,-0.597704737392774,0.420601206590456,0.387247491386572
"G/GG",4,"6","E",-0.23185466819093,0.2849462,-0.149034173663834,-0.23185466819093,-0.149034173663834,0.0751860191957097,20.6239038648912,6.17083468658655,1.6239038648912,8,19,"fulton4",0.024632,-0.837422058182418,0.113643434664979,-0.0660361363660927,-0.597704737392774,0.420601206590456,0.387247491386572
"G/OG",3,"9","E",-1.0837343865342,0.2656578,0.0436306262079675,-1.0837343865342,0.0436306262079674,-0.203236618959915,12.8058017727639,4.8348106365834,0.8058017727639,2,12,"fulton3",0.0241554888206937,-1.03111878029796,-0.475670178140096,-0.288185845191592,-0.746225647130565,-0.454638298453267,-0.177488433552179
"G/OG",4,"9","E",-1.27526262576324,0.3305556,-0.281528168537133,-1.27526262576324,-0.281528168537133,0.733544901876242,12.8058017727639,4.8348106365834,0.8058017727639,2,12,"fulton4",0.025666326851531,-0.416979203034069,-0.475670178140096,-0.288185845191592,-0.746225647130565,-0.454638298453267,-0.177488433552179
"G/OO",3,"10","E",-0.97305348624432,0.3378871,-0.293047222840946,-0.973053486244321,-0.293047222840946,0.839373045819647,42.7824151363383,18.5494342422556,2.78241513633834,24,40,"fulton3",0.0273634115473064,0.272867661005299,1.78390971897303,1.99223690666248,-0.387384840117605,2.75457322004038,2.08145526620282
"G/OO",4,"10","E",-0.132911286094547,0.4233333,-0.140189247647695,-0.132911286094547,-0.140189247647695,2.07276495102553,42.7824151363383,18.5494342422556,2.78241513633834,24,40,"fulton4",0.0299536210599681,1.32576025614959,1.78390971897303,1.99223690666248,-0.387384840117605,2.75457322004038,2.08145526620282
"G/RB",3,"5","E",-0.921799567621697,0.2680549,1.68258010246008,-0.921799567621697,1.68258010246008,-0.168635153523547,10.5082248382319,2.72861931862478,3.50822483823185,2,7,"fulton3",0.0304086058802248,1.51070674245103,-0.648857141936605,-0.638396448072731,-0.255618990526103,-0.454638298453267,-0.580871237079858
"G/RB",4,"5","E",0.0407610510114535,0.3559719,1.35271614601417,0.0407610510114532,1.35271614601417,1.10042205592504,10.5082248382319,2.72861931862478,3.50822483823185,2,7,"fulton4",0.0285312663709457,0.747588215463382,-0.648857141936605,-0.638396448072731,-0.255618990526103,-0.454638298453267,-0.580871237079858
"G/RR",3,"3","E",0.463360694493106,0.2441294,1.378060622849,0.463360694493106,1.378060622849,-0.513993028162834,13.6894910289271,2.19699743683632,7.68949102892713,2,6,"fulton3",0.0304687080924981,1.53513765197592,-0.409059368763358,-0.726792795611753,0.50346164803227,-0.454638298453267,-0.661547797785393
"G/RR",4,"3","E",0.0800365393997485,0.2871194,1.07334870419716,0.0800365393997482,1.07334870419716,0.106555550999271,13.6894910289271,2.19699743683632,7.68949102892713,2,6,"fulton4",0.0273380641631473,0.262564219157474,-0.409059368763358,-0.726792795611753,0.50346164803227,-0.454638298453267,-0.661547797785393
"GB/B",3,"3","E",0.449892600408668,0.3287317,1.31272032188645,0.449892600408668,1.31272032188645,0.707217417495369,17.0576414595452,8.46113167636171,1.05764145954521,5,16,"fulton3",0.0259359877495809,-0.307364918410067,-0.155174618302338,0.314786955404801,-0.700505852805653,-0.0170185459314057,0.145217809269964
"GB/B",4,"3","E",-1.34773942679333,0.3180328,0.565530133669569,-1.34773942679333,0.565530133669569,0.552781800058815,17.0576414595452,8.46113167636171,1.05764145954521,5,16,"fulton4",0.0207517146776406,-2.41471673762362,-0.155174618302338,0.314786955404801,-0.700505852805653,-0.0170185459314057,0.145217809269964
"GB/G",3,"4","E",1.38080520691878,0.2433132,-0.329224330723173,1.38080520691878,-0.329224330723173,-0.525774645988191,16.8216560509554,8.28025477707006,3.82165605095541,6,13,"fulton3",0.0240619709127748,-1.06913281440597,-0.172962747961757,0.284711336248989,-0.198717670627414,0.128854704909215,-0.0968118728466429
"GB/G",4,"4","E",0.922234189671264,0.1944202,-0.978793347009073,0.922234189671264,-0.978793347009074,-1.23153137269144,16.8216560509554,8.28025477707006,3.82165605095541,6,13,"fulton4",0.0193390868307384,-2.98893492052634,-0.172962747961757,0.284711336248989,-0.198717670627414,0.128854704909215,-0.0968118728466429
"GG/G",3,"4","E",1.33803823120834,0.2088285,1.34341956534588,1.33803823120834,1.34341956534588,-1.02355160778934,14.1524074810983,1.98965380023876,9.15240748109829,0,5,"fulton3",0.0283261736008268,0.664220187541224,-0.374165610196222,-0.76126921727262,0.769044250054309,-0.746384800134508,-0.742224358490929
"GG/G",4,"4","E",1.96867988500292,0.2303943,-0.519237860608989,1.96867988500292,-0.519237860608989,-0.712255340087686,14.1524074810983,1.98965380023876,9.15240748109829,0,5,"fulton4",0.0259868974125292,-0.286670682334749,-0.374165610196222,-0.76126921727262,0.769044250054309,-0.746384800134508,-0.742224358490929
"GG/R",3,"4","E",0.0896301855237699,0.209752,1.87783196924617,0.0896301855237697,1.87783196924617,-1.01022114459194,15.514657980456,4.18799441600745,6.51465798045603,5,9,"fulton3",0.028192841238069,0.610022001350284,-0.2714817677672,-0.395736330577105,0.290178642368229,-0.0170185459314057,-0.419518115668786
"GG/R",4,"4","E",-0.132911286094547,0.2412178,1.25934643955511,-0.132911286094547,1.25934643955511,-0.556021156636627,15.514657980456,4.18799441600745,6.51465798045603,5,9,"fulton4",0.0262885859926193,-0.164037485883375,-0.2714817677672,-0.395736330577105,0.290178642368229,-0.0170185459314057,-0.419518115668786
"GO/B",3,"9","E",-0.181218507274695,0.2882883,-0.777025798480868,-0.181218507274695,-0.777025798480868,0.123428294292655,38,20.1271186440678,0,20,38,"fulton3",0.0260390410435267,-0.265474851382532,1.42342039449015,2.25456910830233,-0.892513516958671,2.1710802166779,1.92010214479175
"GO/B",4,"9","E",-1.81188338522476,0.3960784,-0.798047520382589,-1.81188338522476,-0.79804752038259,1.67934812222336,38,20.1271186440678,0,20,38,"fulton4",0.0230957889037065,-1.46187551646804,1.42342039449015,2.25456910830233,-0.892513516958671,2.1710802166779,1.92010214479175
"GO/O",3,"10","E",0.127151922337069,0.2907679,-0.868395089591331,0.127151922337069,-0.868395089591331,0.159220624064471,43.4514393863931,15.4397848391274,12.4514393863931,5,31,"fulton3",0.023716620935403,-1.2095139040941,1.83433948993381,1.47517457574659,1.36796121230569,-0.0170185459314057,1.355366219853
"GO/O",4,"10","E",0.108558570587785,0.374537,-0.63499541955589,0.108558570587785,-0.63499541955589,1.36840406167062,43.4514393863931,15.4397848391274,12.4514393863931,5,31,"fulton4",0.0235701540195342,-1.26905114631255,1.83433948993381,1.47517457574659,1.36796121230569,-0.0170185459314057,1.355366219853
"GR/G",3,"3","E",0.612795173373436,0.2689625,0.718681938299795,0.612795173373436,0.718681938299795,-0.155534202361706,10.27122263748,3.20341697810998,4.27122263747998,0,6,"fulton3",0.0270145812468803,0.131071857042253,-0.666721915448389,-0.559448646343101,-0.117101893011296,-0.746384800134508,-0.661547797785393
"GR/G",4,"3","E",-1.3108761023798,0.2581081,-0.569472423737353,-1.3108761023798,-0.569472423737353,-0.312214418636587,10.27122263748,3.20341697810998,4.27122263747998,0,6,"fulton4",0.0254621872992244,-0.499959758062154,-0.666721915448389,-0.559448646343101,-0.117101893011296,-0.746384800134508,-0.661547797785393
"GR/R",3,"4","E",0.540732851318714,0.2348361,0.422277121642473,0.540732851318714,0.422277121642472,-0.648139204267211,14.0634441087613,3.02114803625378,9.06344410876133,1,5,"fulton3",0.0293593778729427,1.08420672610675,-0.380871499393043,-0.589755729783097,0.752893550624523,-0.600511549293887,-0.742224358490929
"GR/R",4,"4","E",-1.20746510618691,0.2924236,0.359697162634116,-1.20746510618691,0.359697162634116,0.183120188672954,14.0634441087613,3.02114803625378,9.06344410876133,1,5,"fulton4",0.026054294094795,-0.259274648404646,-0.380871499393043,-0.589755729783097,0.752893550624523,-0.600511549293887,-0.742224358490929
"O/GO",3,"9","E",0.296955669050302,0.3355735,1.03740518242626,0.296955669050302,1.03740518242626,0.805976879437944,23,12.9504504504505,0,22,23,"fulton3",0.0297106866680035,1.22701001175621,0.292749025926468,1.06125619634872,-0.892513516958671,2.46282671835914,0.709953734208715
"O/GO",4,"9","E",-0.759864748709194,0.3723684,-0.154313049229021,-0.759864748709194,-0.154313049229021,1.33710092957546,23,12.9504504504505,0,22,23,"fulton4",0.0269338766049921,0.0982662791835958,0.292749025926468,1.06125619634872,-0.892513516958671,2.46282671835914,0.709953734208715
"O/OB",3,"9","E",-1.38594352605312,0.3424408,-0.709030176086052,-1.38594352605312,-0.709030176086052,0.905104426720565,25.2446689113356,12.9068462401796,2.24466891133558,16,23,"fulton3",0.0258556898477967,-0.340005160746036,0.461947883923279,1.05400583089667,-0.48500903557443,1.58758721331542,0.709953734208715
"O/OB",4,"9","E",-1.34773942679333,0.4373823,0.20915061799292,-1.34773942679333,0.20915061799292,2.27555832131277,25.2446689113356,12.9068462401796,2.24466891133558,16,23,"fulton4",0.0242251029189631,-1.00282139036591,0.461947883923279,1.05400583089667,-0.48500903557443,1.58758721331542,0.709953734208715
"O/OO",3,"10","E",1.07111918922094,0.3189815,-0.916367597366442,1.07111918922094,-0.916367597366443,0.566476018180496,14.8943560057887,4.34153400868307,2.89435600578871,2,12,"fulton3",0.0311554094041724,1.81427442550848,-0.318238946608522,-0.370206269343556,-0.367062731266402,-0.454638298453267,-0.177488433552179
"O/OO",4,"10","E",-0.0643763168919744,0.3384236,-0.873379844254224,-0.0643763168919746,-0.873379844254225,0.847117272679858,14.8943560057887,4.34153400868307,2.89435600578871,2,12,"fulton4",0.0242277354539906,-1.00175129289952,-0.318238946608522,-0.370206269343556,-0.367062731266402,-0.454638298453267,-0.177488433552179
"OB/B",3,"10","E",0.652656208228224,0.3057156,1.38822157252287,0.652656208228224,1.38822157252287,0.374986476512514,15.9811798769453,4.34310532030402,3.98117987694535,4,12,"fulton3",0.026315608478136,-0.153053133164474,-0.236316237689301,-0.369944996787072,-0.16975719737001,-0.162891796772026,-0.177488433552179
"OB/B",4,"10","E",0.509184025336666,0.3328625,-0.0639950424993159,0.509184025336666,-0.063995042499316,0.766844355639189,15.9811798769453,4.34310532030402,3.98117987694535,4,12,"fulton4",0.0295265922281649,1.1521775815741,-0.236316237689301,-0.369944996787072,-0.16975719737001,-0.162891796772026,-0.177488433552179
"OB/O",3,"8","E",-0.0980849934409688,0.2497843,0.898542713253848,-0.0980849934409691,0.898542713253847,-0.432366134459559,7.2969327540367,1.94539913105505,1.2969327540367,4,6,"fulton3",0.0296534923902976,1.20376114667915,-0.890918209649585,-0.768627738905001,-0.657064134354847,-0.162891796772026,-0.661547797785393
"OB/O",4,"8","E",-1.34773942679333,0.2758945,0.818083426008702,-1.34773942679333,0.818083426008701,-0.0554727287457096,7.2969327540367,1.94539913105505,1.2969327540367,4,6,"fulton4",0.0300888073460942,1.38071204245546,-0.890918209649585,-0.768627738905001,-0.657064134354847,-0.162891796772026,-0.661547797785393
"OG/B",3,"7","E",-1.20746510618691,0.1921922,0.393837497216483,-1.20746510618691,0.393837497216482,-1.26369192710812,13.6417752729834,4.84325466713632,2.64177527298345,14,11,"fulton3",0.0297283622925628,1.23419496498955,-0.412656091368353,-0.286781799412147,-0.412917057492276,1.29584071163418,-0.258164994257714
"OG/B",4,"7","E",1.02510466774086,0.2632058,-0.0781627830076232,1.02510466774086,-0.0781627830076233,-0.238630550481327,13.6417752729834,4.84325466713632,2.64177527298345,14,11,"fulton4",0.0256006388707512,-0.443680667998563,-0.412656091368353,-0.286781799412147,-0.412917057492276,1.29584071163418,-0.258164994257714
"OG/G",3,"7","E",-0.97305348624432,0.3037634,-0.921631602639026,-0.973053486244321,-0.921631602639026,0.34680701765603,6.67653962221974,2.79423270369956,1.67653962221974,4,5,"fulton3",0.0277507238117354,0.430305973710285,-0.93768225974285,-0.62748646902753,-0.588149071127645,-0.162891796772026,-0.742224358490929
"OG/G",4,"7","E",-0.512668018224483,0.2800926,-0.206466060610159,-0.512668018224483,-0.206466060610159,0.00512566600145146,6.67653962221974,2.79423270369956,1.67653962221974,4,5,"fulton4",0.0275441435923277,0.346333313485538,-0.93768225974285,-0.62748646902753,-0.588149071127645,-0.162891796772026,-0.742224358490929
"OG/O",3,"8","E",-0.897080851873503,0.200579,-0.673789047238777,-0.897080851873503,-0.673789047238777,-1.14263082397445,30.4387889425186,13.1636682755595,0.438788942518649,6,30,"fulton3",0.0282678699575776,0.640520377179577,0.853470737532725,1.09670935886047,-0.812854347824542,0.128854704909215,1.27468965914747
"OG/O",4,"8","E",-0.897080851873503,0.3371143,-0.726281528235225,-0.897080851873503,-0.726281528235225,0.828217894808331,30.4387889425186,13.1636682755595,0.438788942518649,6,30,"fulton4",0.0248436098033211,-0.751404925634799,0.853470737532725,1.09670935886047,-0.812854347824542,0.128854704909215,1.27468965914747
"OO/B",3,"7","E",-1.93561410487747,0.2338223,1.26712864163298,-1.93561410487747,1.26712864163298,-0.662773122609954,14.5884782378481,6.88340569734195,1.58847823784814,4,13,"fulton3",0.02992147194504,1.31269198314589,-0.341295428907895,0.0524478404428807,-0.604136020733935,-0.162891796772026,-0.0968118728466429
"OO/B",4,"7","E",0.422427063416846,0.3665756,0.165920541106159,0.422427063416845,0.165920541106159,1.25348348809208,14.5884782378481,6.88340569734195,1.58847823784814,4,13,"fulton4",0.0258589651002828,-0.338673805474199,-0.341295428907895,0.0524478404428807,-0.604136020733935,-0.162891796772026,-0.0968118728466429
"OO/G",3,"8","E",-1.20746510618691,0.3628035,0.547963254961254,-1.20746510618691,0.547963254961254,1.1990342837316,9,4.102096627165,0,4,9,"fulton3",0.0292591770248065,1.04347614793766,-0.762544251399631,-0.41001913392938,-0.892513516958671,-0.162891796772026,-0.419518115668786
"OO/G",4,"8","E",-1.0837343865342,0.3542857,-0.787650015822174,-1.0837343865342,-0.787650015822174,1.07608223238042,9,4.102096627165,0,4,9,"fulton4",0.024897548686538,-0.729479343765143,-0.762544251399631,-0.41001913392938,-0.892513516958671,-0.162891796772026,-0.419518115668786
"OO/O",3,"8","E",-0.677430556070342,0.2689516,-0.5474414725266,-0.677430556070342,-0.5474414725266,-0.155691540801177,6.73616018845701,1.47232037691402,0.736160188457008,2,6,"fulton3",0.027963264394687,0.516701458269923,-0.933188175261381,-0.847289726676638,-0.758868606434025,-0.454638298453267,-0.661547797785393
"OO/O",4,"8","E",-1.50967424570584,0.3531616,-0.830123103263798,-1.50967424570584,-0.830123103263798,1.05985616450798,6.73616018845701,1.47232037691402,0.736160188457008,2,6,"fulton4",0.029835082321568,1.27757552078779,-0.933188175261381,-0.847289726676638,-0.758868606434025,-0.454638298453267,-0.661547797785393
"R/BG",3,"6","E",0.456648231082816,0.2325976,-0.573925419309275,0.456648231082815,-0.573925419309275,-0.680451323235677,15.5335689045936,5.30035335689046,3.53356890459364,11,12,"fulton3",0.0299345636997857,1.31801364209348,-0.270056298402169,-0.210776924475083,-0.25101794644037,0.858220959112317,-0.177488433552179
"R/BG",4,"6","E",-0.582727103689242,0.2928666,-0.304430123514888,-0.582727103689242,-0.304430123514888,0.189514769286324,15.5335689045936,5.30035335689046,3.53356890459364,11,12,"fulton4",0.0262186070396867,-0.192483185352284,-0.270056298402169,-0.210776924475083,-0.25101794644037,0.858220959112317,-0.177488433552179
"R/BR",3,"6","E",-1.38594352605312,0.2853345,-2.11362578508525,-1.38594352605312,-2.11362578508525,0.0807910206678812,17.7420718816068,2.11416490486258,13.7420718816068,0,4,"fulton3",0.0228276741293052,-1.57086131828676,-0.103583559502404,-0.740565918078524,1.60226682546927,-0.746384800134508,-0.822900919196465
"R/BR",4,"6","E",0.335439714201008,0.2968542,-0.277945620269845,0.335439714201008,-0.277945620269845,0.247074655638193,17.7420718816068,2.11416490486258,13.7420718816068,0,4,"fulton4",0.0223628716570092,-1.75979857563716,-0.103583559502404,-0.740565918078524,1.60226682546927,-0.746384800134508,-0.822900919196465
"R/GB",3,"7","E",0.733296573085456,0.3101237,0.654336716054332,0.733296573085456,0.654336716054332,0.438616162295358,15.916590284143,6.87442713107241,0.916590284142988,0,15,"fulton3",0.0275311059825899,0.341033663907305,-0.241184877908551,0.0509549138129715,-0.726112741104703,-0.746384800134508,0.0645412485644287
"R/GB",4,"7","E",-0.312702007130093,0.2850539,-1.12601017565706,-0.312702007130093,-1.12601017565706,0.0767406384554396,15.916590284143,6.87442713107241,0.916590284142988,0,15,"fulton4",0.0282244799736578,0.622882810585343,-0.241184877908551,0.0509549138129715,-0.726112741104703,-0.746384800134508,0.0645412485644287
"R/GG",3,"8","E",-1.27526262576324,0.3784153,0.83996628506397,-1.27526262576324,0.83996628506397,1.42438623321201,8.77893566763929,2.08420175072947,2.77893566763929,0,6,"fulton3",0.0282657720538684,0.639667601653139,-0.779207658813691,-0.745548093336633,-0.388016514161175,-0.746384800134508,-0.661547797785393
"R/GG",4,"8","E",-2.0034116244538,0.4100753,-0.662244846552494,-2.0034116244538,-0.662244846552494,1.88138944363937,8.77893566763929,2.08420175072947,2.77893566763929,0,6,"fulton4",0.0286320626289073,0.788560821388593,-0.779207658813691,-0.745548093336633,-0.388016514161175,-0.746384800134508,-0.661547797785393
"R/GR",3,"8","E",0.869033102836951,0.3175151,-0.503117392892457,0.869033102836951,-0.503117392892457,0.545308945919894,6.60436044348538,1.48820596770593,2.60436044348538,2,4,"fulton3",0.0269490790880825,0.104445926735442,-0.943122988462943,-0.844648322602411,-0.419709467104978,-0.454638298453267,-0.822900919196465
"R/GR",4,"8","E",-1.38594352605312,0.3964218,-0.382742450857307,-1.38594352605312,-0.382742450857307,1.68430500480267,6.60436044348538,1.48820596770593,2.60436044348538,2,4,"fulton4",0.0313387147356239,1.88878609153098,-0.943122988462943,-0.844648322602411,-0.419709467104978,-0.454638298453267,-0.822900919196465
"R/RB",3,"6","E",1.2500664762895,0.2516129,-2.03916876341708,1.2500664762895,-2.03916876341708,-0.405970806898363,24.4804098854732,4.21940928270042,17.4804098854732,0,7,"fulton3",0.0240710378549354,-1.06544719893168,0.40433949734268,-0.390512769303176,2.28093684304356,-0.746384800134508,-0.580871237079858
"R/RB",4,"6","E",0.215480980466076,0.2972973,-1.10379547914387,0.215480980466076,-1.10379547914387,0.253470679723485,24.4804098854732,4.21940928270042,17.4804098854732,0,7,"fulton4",0.0232114406238687,-1.41486432328879,0.40433949734268,-0.390512769303176,2.28093684304356,-0.746384800134508,-0.580871237079858
"R/RG",3,"6","E",0.900393549557411,0.1203624,0.416318112919098,0.90039354955741,0.416318112919098,-2.30053492156028,5.86749594375338,0.540832882639264,4.86749594375338,0,1,"fulton3",0.0229343095882233,-1.52751513932871,-0.998666427953474,-1.00217442027721,-0.00885250121496529,-0.746384800134508,-1.06493060131307
"R/RG",4,"6","E",1.11520245236013,0.3019126,-1.18978193727288,1.11520245236013,-1.18978193727288,0.320091239328204,5.86749594375338,0.540832882639264,4.86749594375338,0,1,"fulton4",0.0229343095882233,-1.52751513932871,-0.998666427953474,-1.00217442027721,-0.00885250121496529,-0.746384800134508,-1.06493060131307
"R/RR",3,"4","E",-0.619590428102773,0.2862206,0.612957431296995,-0.619590428102773,0.612957431296995,0.0935816253665446,38.6744345442084,9.59561343385881,24.6744345442084,2,14,"fulton3",0.0260804957857081,-0.248623939955076,1.47425798309726,0.50342487108845,3.58696343467975,-0.454638298453267,-0.0161353121411071
"R/RR",4,"4","E",-0.582727103689242,0.3677448,0.626927342610325,-0.582727103689242,0.626927342610325,1.27036056180123,38.6744345442084,9.59561343385881,24.6744345442084,2,14,"fulton4",0.0238542972331108,-1.15354995458545,1.47425798309726,0.50342487108845,3.58696343467975,-0.454638298453267,-0.0161353121411071
"RB/B",3,"2","E",1.32927186365043,0.1958106,-0.293047222840946,1.32927186365043,-0.293047222840946,-1.21146133909137,19.4152644714596,6.84324933580227,2.41526447145962,6,17,"fulton3",0.0279840660837191,0.525157123435744,0.0225385041935606,0.0457707719997562,-0.454038563758416,0.128854704909215,0.2258943699755
"RB/B",4,"2","E",-0.759864748709194,0.2986111,-1.33974055088793,-0.759864748709194,-1.33974055088793,0.272435013831492,19.4152644714596,6.84324933580227,2.41526447145962,6,17,"fulton4",0.0248675280095535,-0.741682429401145,0.0225385041935606,0.0457707719997562,-0.454038563758416,0.128854704909215,0.2258943699755
"RB/G",3,"2","E",-2.3292284304905,0.3130631,-0.151285208919467,-2.3292284304905,-0.151285208919467,0.481045575963399,12.3809483560139,3.80356690051559,3.38094835601386,2,9,"fulton3",0.0300530219078887,1.36616564274672,-0.507694817750474,-0.459657680369293,-0.278725176305543,-0.454638298453267,-0.419518115668786
"RB/G",4,"2","E",-2.07588842548389,0.3028233,0.591451461952102,-2.07588842548389,0.591451461952101,0.333236938119619,12.3809483560139,3.80356690051559,3.38094835601386,2,9,"fulton4",0.0243096079559464,-0.968470992354795,-0.507694817750474,-0.459657680369293,-0.278725176305543,-0.454638298453267,-0.419518115668786
"RB/R",3,"2","E",-0.355585387843642,0.2755871,-0.499222896507332,-0.355585387843642,-0.499222896507332,-0.059909961433182,37.4055884843353,11.1134631668078,16.4055884843353,4,21,"fulton3",0.0241011948152024,-1.05318871559203,1.3786147890297,0.755807959712256,2.08581027651987,-0.162891796772026,0.548600612797643
"RB/R",4,"2","E",0.365243044988711,0.3142857,-1.72957303844927,0.36524304498871,-1.72957303844927,0.498693463678766,37.4055884843353,11.1134631668078,16.4055884843353,4,21,"fulton4",0.0256878532411182,-0.408228954806751,1.3786147890297,0.755807959712256,2.08581027651987,-0.162891796772026,0.548600612797643
"RG/G",3,"1","E",0.869033102836951,0.2900378,-0.923090452101582,0.869033102836951,-0.923090452101582,0.148681835563744,24.3217272904104,8.7531608636452,6.32172729041043,4,18,"fulton3",0.0269780170879316,0.116208915640572,0.392378306214221,0.363344613422575,0.255153378556224,-0.162891796772026,0.306570930681036
"RG/G",4,"1","E",-0.206231521091613,0.316855,-0.755948390249864,-0.206231521091613,-0.755948390249864,0.535780587764395,24.3217272904104,8.7531608636452,6.32172729041043,4,18,"fulton4",0.0277561818378145,0.432524603212917,0.392378306214221,0.363344613422575,0.255153378556224,-0.162891796772026,0.306570930681036
"RR/B",3,"2","E",0.172244550866852,0.2466044,-0.728336506600903,0.172244550866851,-0.728336506600903,-0.478267098099418,33.0808767427343,10.7511965041271,2.08087674273427,2,31,"fulton3",0.029430803423678,1.11324045218399,1.05262627279508,0.695571444036124,-0.514744397606491,-0.454638298453267,1.355366219853
"RR/B",4,"2","E",-0.781525247015277,0.3772819,-0.5943064364122,-0.781525247015277,-0.5943064364122,1.40802592245085,33.0808767427343,10.7511965041271,2.08087674273427,2,31,"fulton4",0.0288636302482677,0.882690593713153,1.05262627279508,0.695571444036124,-0.514744397606491,-0.454638298453267,1.355366219853
"RR/R",3,"1","E",0.350447068709301,0.3167922,-0.280936899361295,0.3504470687093,-0.280936899361295,0.534874087397534,4.33233850004814,0,4.33233850004814,0,0,"fulton3",0.0276428472808668,0.386455312215075,-1.11438366580914,-1.09210234290801,-0.106006720910672,-0.746384800134508,-1.14560716201861
"RR/R",4,"1","E",-0.60099707635349,0.2552995,0.5404646644845,-0.60099707635349,0.5404646644845,-0.352755771030974,4.33233850004814,0,4.33233850004814,0,0,"fulton4",0.0299222785594746,1.31301986332746,-1.11438366580914,-1.09210234290801,-0.106006720910672,-0.746384800134508,-1.14560716201861
