ID_fish;num_fish;cage;trial;boldness;bassin_bold;date_bold;exp_bold;video_bold;exploration;activity;bassin_exp;date_act;video_act;exp_act;mass_1;mass_2;mass_3;mass_4;TL_1;TL_2;TL_3;TL_4;SL_1;SL_2;SL_3;SL_4;BS_pre;BS_post_corps;BS_muscle;BS_post_tot;P04_alive;P04_dead;P013_alive;P013_dead;P06;gonade;treatment
BB/R;3;1;3;439;4;15/08/2022;MG;4618;0.2866637;919.56;3;12/08/2022;1086;MG;1.9;1.9;2.4;2.3;51.1;50.9;53.3;52.5;41.9;40.9;43.6;44.6;4;8;6;14;3;0;2;0;0;0;E
BG/B;5;1;3;237;4;16/08/2022;MG;4623;0.2547289;824.98;4;13/08/2022;4604;MG;2.7;2.5;3.1;2.7;56.1;57.5;58.0;56.8;43.2;45.6;46.7;47.0;0;1;2;3;7;3;0;0;0;1;E
BR/B;4;1;3;46;3;16/08/2022;MG;1109;0.2351165;1114.74;1;13/08/2022;1;SGG;2.6;2.8;2.5;2.3;52.1;54.8;54.6;54.9;41.6;44.8;44.9;44.2;0;8;2;10;12;6;0;0;0;1;E
BR/R;1;1;3;36;4;17/08/2022;MG;4630;0.2946506;693.43;2;14/08/2022;707;SGG;2.1;2.4;2.3;2.0;52.5;52.3;53.3;54.7;42.0;44.4;44.1;43.6;2;6;2;8;5;0;0;0;0;0;E
RG/G;6;1;3;231;2;15/08/2022;SGG;712;0.2900378;563.43;1;12/08/2022;2;JAP;1.9;1.9;2.1;2.1;49.4;47.9;52.1;50.7;41.2;38.6;42.4;42.0;4;15;3;18;11;3;0;0;2;0;E
RR/R;2;1;3;141;2;17/08/2022;JAP;4;0.3167922;717.78;4;14/08/2022;4612;MG;2.4;2.0;2.1;2.1;52.9;52.4;54.4;51.4;41.7;43.2;42.2;41.1;0;0;0;0;7;0;0;0;2;1;E
BB/R;3;1;4;70;1;23/08/2022;MG;4767;0.3638434;582.93;1;18/08/2022;2;MG;1.9;1.9;2.4;2.3;51.1;50.9;53.3;52.5;41.9;40.9;43.6;44.6;4;8;6;14;3;0;2;0;0;0;E
BG/B;5;1;4;43;2;24/08/2022;MG;3;0.1670359;462.51;1;19/08/2022;2;MG;2.7;2.5;3.1;2.7;56.1;57.5;58.0;56.8;43.2;45.6;46.7;47.0;0;1;2;3;7;3;0;0;0;1;E
BR/B;4;1;4;15;2;24/08/2022;MG;1;0.2972973;581.39;4;19/08/2022;4642;MG;2.6;2.8;2.5;2.3;52.1;54.8;54.6;54.9;41.6;44.8;44.9;44.2;0;8;2;10;12;6;0;0;0;1;E
BR/R;1;1;4;159;2;25/08/2022;MG;2.1;0.2733717;542.96;4;22/08/2022;4648;VM;2.1;2.4;2.3;2.0;52.5;52.3;53.3;54.7;42.0;44.4;44.1;43.6;2;6;2;8;5;0;0;0;0;0;E
RG/G;6;1;4;83;1;23/08/2022;MG;4769;0.316855;600.08;2;18/08/2022;769;MG;1.9;1.9;2.1;2.1;49.4;47.9;52.1;50.7;41.2;38.6;42.4;42.0;4;15;3;18;11;3;0;0;2;0;E
RR/R;2;1;4;57;3;25/08/2022;VM;4674;0.2552995;978.35;2;22/08/2022;1133;MG;2.4;2.0;2.1;2.1;52.9;52.4;54.4;51.4;41.7;43.2;42.2;41.1;0;0;0;0;7;0;0;0;2;1;E
BB/B;7;2;3;418;4;15/08/2022;MG;4616;0.3380594;753.96;2;12/08/2022;694;JAP;3.8;4.3;3.3;3.2;59.8;60.1;62.7;62.4;47.2;48.8;50.2;49.5;4;8;9;17;20;0;0;0;0;0;E
BB/G;12;2;3;85;1;17/08/2022;JAP;764;0.3635982;502.88;1;14/08/2022;3;SGG;3.2;2.6;2.8;2.4;56.9;56.6;58.9;56.6;45.8;45.5;46.4;46.6;28;40;22;62;17;0;0;0;2;0;E
RB/B;11;2;3;358;1;15/08/2022;SGG;2;0.1958106;714.51;4;12/08/2022;4598;MG;2.8;3.2;2.6;2.5;56.1;55.2;58.1;57.7;45.2;44.9;45.2;46.4;6;11;6;17;5;0;0;0;1;1;E
RB/G;8;2;3;11;3;17/08/2022;MG;1113;0.3130631;753.74;2;14/08/2022;706;SGG;2.6;2.4;2.7;2.4;54.1;54.2;56.6;55.9;44.3;44.6;44.6;46.0;2;6;3;9;7;4;0;0;1;0;E
RB/R;10;2;3;72;1;16/08/2022;JAP;4759;0.2755871;661.07;2;13/08/2022;699;SGG;1.9;1.6;2.0;2.0;48.3;52.7;52.6;51.0;40.5;44.0;42.8;41.9;4;20;1;21;28;8;0;0;3;0;E
RR/B;9;2;3;119;1;16/08/2022;JAP;4758;0.2466044;606.36;4;13/08/2022;4606;MG;2.7;3.2;2.9;2.9;53.5;56.0;57.2;58.0;45.9;47.6;46.1;46.4;2;28;3;31;4;1;0;0;2;0;E
BB/B;7;2;4;18;2;23/08/2022;MG;3;0.3093137 ;500.66;2;18/08/2022;1121;MG;3.8;4.3;3.3;3.2;59.8;60.1;62.7;62.4;47.2;48.8;50.2;49.5;4;8;9;17;20;0;0;0;0;0;E
BB/G;12;2;4;62;2;25/08/2022;MG;3.1;0.2702703 ;478.08;1;22/08/2022;4;MG;3.2;2.6;2.8;2.4;56.9;56.6;58.9;56.6;45.8;45.5;46.4;46.6;28;40;22;62;17;0;0;0;2;0;E
RB/B;11;2;4;49;2;23/08/2022;MG;2;0.2986111;481.52;3;18/08/2022;770;MG;2.8;3.2;2.6;2.5;56.1;55.2;58.1;57.7;45.2;44.9;45.2;46.4;6;11;6;17;5;0;0;0;1;1;E
RB/G;8;2;4;14;4;25/08/2022;VM;834;0.3028233;997.34;1;22/08/2022;3;MG;2.6;2.4;2.7;2.4;54.1;54.2;56.6;55.9;44.3;44.6;44.6;46.0;2;6;3;9;7;4;0;0;1;0;E
RB/R;10;2;4;143;1;24/08/2022;MG;4775;0.3142857;415.7;3;19/08/2022;777;MG;1.9;1.6;2.0;2.0;48.3;52.7;52.6;51.0;40.5;44.0;42.8;41.9;4;20;1;21;28;8;0;0;3;0;E
RR/B;9;2;4;48;3;24/08/2022;VM;823;0.3772819;637.79;3;19/08/2022;776;MG;2.7;3.2;2.9;2.9;53.5;56.0;57.2;58.0;45.9;47.6;46.1;46.4;2;28;3;31;4;1;0;0;2;0;E
B/RB;16;3;3;216;2;16/08/2022;JAP;722;0.2707133;382.5;1;13/08/2022;4;SGG;2.4;2.0;2.6;2.4;51.1;52.3;54.3;52.4;44.0;43.4;43.6;45.0;22;14;15;29;8;1;0;0;0;1;E
B/RR;18;3;3;345;3;17/08/2022;MG;1114;0.3278689;932.56;3;14/08/2022;1095;MG;2.8;2.8;2.9;2.8;57.8;57.3;58.4;58.2;46.4;47.4;46.6;48.3;2;6;1;7;4;0;1;0;0;1;E
BG/R;17;3;3;183;2;15/08/2022;SGG;714;0.2618747;740.72;1;12/08/2022;1;JAP;2.3;3.3;2.3;2.2;53.0;54.4;54.3;55.0;43.2;44.4;43.7;44.9;0;6;2;8;25;8;0;0;0;1;E
G/RR;14;3;3;157;4;17/08/2022;MG;4628;0.2441294;1341.68;3;14/08/2022;1097;MG;2.3;2.3;2.7;2.8;55.9;55.7;56.6;59.4;45.0;44.5;44.2;46.4;2;2;4;6;21;2;0;0;0;0;E
GB/B;15;3;3;155;1;16/08/2022;JAP;4757;0.3287317;1309.03;2;13/08/2022;700;SGG;2.4;1.8;2.1;1.9;52.8;53.7;54.7;54.2;42.5;44.1;43.2;45.0;5;13;3;16;2;1;0;0;0;0;E
GR/G;13;3;3;181;4;15/08/2022;MG;4617;0.2689625;1046.35;4;12/08/2022;4600;MG;2.2;2.6;2.0;1.9;51.1;53.3;52.1;54.4;43.1;43.7;41.8;41.9;0;4;2;6;8;1;0;0;0;1;E
B/RB;16;3;4;184;1;24/08/2022;MG;4774;0.331299;731.89;4;19/08/2022;4640;MG;2.4;2.0;2.6;2.4;51.1;52.3;54.3;52.4;44.0;43.4;43.6;45.0;22;14;15;29;8;1;0;0;0;1;E
B/RR;18;3;4;91;1;25/08/2022;MG;3;0.2643369 ;434.75;1;22/08/2022;5;MG;2.8;2.8;2.9;2.8;57.8;57.3;58.4;58.2;46.4;47.4;46.6;48.3;2;6;1;7;4;0;1;0;0;1;E
BG/R;17;3;4;30;2;23/08/2022;MG;1;0.2472678;538.73;3;18/08/2022;1119;MG;2.3;3.3;2.3;2.2;53.0;54.4;54.3;55.0;43.2;44.4;43.7;44.9;0;6;2;8;25;8;0;0;0;1;E
G/RR;14;3;4;109;1;25/08/2022;MG;1;0.2871194;1196.06;3;22/08/2022;783;VM;2.3;2.3;2.7;2.8;55.9;55.7;56.6;59.4;45.0;44.5;44.2;46.4;2;2;4;6;21;2;0;0;0;0;E
GB/B;15;3;4;28;4;24/08/2022;VM;4658;0.3180328;987.64;3;19/08/2022;775;MG;2.4;1.8;2.1;1.9;52.8;53.7;54.7;54.2;42.5;44.1;43.2;45.0;5;13;3;16;2;1;0;0;0;0;E
GR/G;13;3;4;29;3;23/08/2022;VM;806;0.2581081;643.79;4;18/08/2022;4635;MG;2.2;2.6;2.0;1.9;51.1;53.3;52.1;54.4;43.1;43.7;41.8;41.9;0;4;2;6;8;1;0;0;0;1;E
BG/G;20;4;3;21;3;15/08/2022;MG;1101;0.2424504;808.42;1;12/08/2022;3;JAP;2.1;2.5;2.0;1.9;52.4;53.6;52.6;53.4;43.1;43.4;42.6;41.1;23;49;10;59;4;4;0;0;0;0;E
GB/G;22;4;3;376;2;15/08/2022;SGG;713;0.2433132;704.83;2;12/08/2022;693;JAP;1.7;2.1;1.8;1.6;46.5;45.8;50.0;50.7;43.3;40.1;41.9;43.3;6;9;4;13;6;4;0;0;0;1;E
GG/G;24;4;3;361;3;16/08/2022;MG;1108;0.2088285;1324.27;4;13/08/2022;4605;MG;2.1;2.5;2.6;2.6;54.2;54.4;55.5;57.7;43.0;44.1;44.6;45.9;0;2;3;5;23;6;0;0;0;0;E
GG/R;21;4;3;110;1;17/08/2022;JAP;763;0.209752;1619.89;1;14/08/2022;1;SGG;2.1;2.1;2.2;2.2;50.0;49.9;51.9;54.3;41.9;43.1;42.4;43.4;5;8;1;9;14;3;0;0;0;0;E
GR/R;19;4;3;169;1;17/08/2022;JAP;765;0.2348361;935.71;1;14/08/2022;2;SGG;1.5;1.9;1.8;1.7;47.2;48.6;50.0;50.6;38.5;42.0;39.1;39.9;1;4;1;5;15;0;0;0;0;0;E
R/RR;23;4;3;56;2;16/08/2022;JAP;720;0.2862206;1005.46;3;13/08/2022;1089;MG;1.6;1.7;1.7;1.6;47.8;47.5;48.6;48.6;40.8;38.2;39.1;39.4;2;6;8;14;36;11;0;0;0;0;E
BG/G;20;4;4;39;3;23/08/2022;VM;808;0.2867232 ;371.59;1;18/08/2022;4;MG;2.1;2.5;2.0;1.9;52.4;53.6;52.6;53.4;43.1;43.4;42.6;41.1;23;49;10;59;4;4;0;0;0;0;E
GB/G;22;4;4;243;4;23/08/2022;VM;4652;0.1944202 ;551.72;4;18/08/2022;4634;MG;1.7;2.1;1.8;1.6;46.5;45.8;50.0;50.7;43.3;40.1;41.9;43.3;6;9;4;13;6;4;0;0;0;1;E
GG/G;24;4;4;658;1;24/08/2022;MG;4773;0.2303943;656.1;1;19/08/2022;3;MG;2.1;2.5;2.6;2.6;54.2;54.4;55.5;57.7;43.0;44.1;44.6;45.9;0;2;3;5;23;6;0;0;0;0;E
GG/R;21;4;4;89;3;25/08/2022;VM;4673;0.2412178;1282.95;3;22/08/2022;782;VM;2.1;2.1;2.2;2.2;50.0;49.9;51.9;54.3;41.9;43.1;42.4;43.4;5;8;1;9;14;3;0;0;0;0;E
GR/R;19;4;4;32;3;25/08/2022;VM;4675;0.2924236;913.89;2;22/08/2022;1132;MG;1.5;1.9;1.8;1.7;47.2;48.6;50.0;50.6;38.5;42.0;39.1;39.9;1;4;1;5;15;0;0;0;0;0;E
R/RR;23;4;4;58;3;24/08/2022;VM;822;0.3677448;1010.77;2;19/08/2022;1125;MG;1.6;1.7;1.7;1.6;47.8;47.5;48.6;48.6;40.8;38.2;39.1;39.4;2;6;8;14;36;11;0;0;0;0;E
B/BB;25;5;3;78;2;16/08/2022;JAP;721;0.2397661;1184.8;2;13/08/2022;698;SGG;2.0;1.9;1.9;1.9;50.9;48.8;50.1;51.7;39.1;41.3;39.6;40.9;4;6;3;9;4;1;1;0;0;0;E
B/BR;28;5;3;190;3;15/08/2022;MG;1103;0.3198937;892.36;3;12/08/2022;1088;MG;1.5;1.8;1.6;1.5;45.4;44.4;46.5;48.1;38.9;39.9;40.2;39.2;4;6;3;9;2;8;0;0;2;1;E
B/RG;29;5;3;377;4;16/08/2022;MG;4624;0.3610988;1126.01;3;13/08/2022;1091;MG;1.9;2.1;2.5;2.5;50.0;50.4;55.1;55.2;39.6;41.5;44.3;44.3;0;4;1;5;4;0;0;0;1;0;E
G/BG;30;5;3;325;2;17/08/2022;JAP;2;0.2462335;413.77;4;14/08/2022;4611;MG;2.0;1.9;2.2;2.3;51.6;50.4;54.6;54.1;41.2;42.2;42.7;44.0;0;3;1;4;4;1;0;0;0;0;E
G/BR;27;5;3;51;2;17/08/2022;JAP;3;0.2336066;707.92;4;14/08/2022;4610;MG;1.9;1.7;1.9;1.9;50.5;49.4;51.3;51.3;41.4;41.4;41.7;41.5;5;14;4;18;0;2;0;0;0;0;E
G/RB;26;5;3;42;1;15/08/2022;SGG;3;0.2680549;1504.92;3;12/08/2022;1087;MG;1.3;1.2;1.6;2.6;44.7;44.5;47.4;52.1;38.1;36.3;37.2;44.8;2;4;3;7;7;4;0;0;2;0;E
B/BB;25;5;4;325;4;24/08/2022;VM;4659;0.2879929;874.66;2;19/08/2022;1126;MG;2.0;1.9;1.9;1.9;50.9;48.8;50.1;51.7;39.1;41.3;39.6;40.9;4;6;3;9;4;1;1;0;0;0;E
B/BR;28;5;4;121;4;23/08/2022;VM;4654;0.3424408;674.55;4;18/08/2022;4636;MG;1.5;1.8;1.6;1.5;45.4;44.4;46.5;48.1;38.9;39.9;40.2;39.2;4;6;3;9;2;8;0;0;2;1;E
B/RG;29;5;4;48;3;24/08/2022;VM;821;0.3419204;790.3;2;19/08/2022;1127;MG;1.9;2.1;2.5;2.5;50.0;50.4;55.1;55.2;39.6;41.5;44.3;44.3;0;4;1;5;4;0;0;0;1;0;E
G/BG;30;5;4;72;4;25/08/2022;VM;835;0.3578154;701.86;4;22/08/2022;4646;VM;2.0;1.9;2.2;2.3;51.6;50.4;54.6;54.1;41.2;42.2;42.7;44.0;0;3;1;4;4;1;0;0;0;0;E
G/BR;27;5;4;200;4;25/08/2022;VM;833;0.3147541 ;939.38;2;22/08/2022;1131;MG;1.9;1.7;1.9;1.9;50.5;49.4;51.3;51.3;41.4;41.4;41.7;41.5;5;14;4;18;0;2;0;0;0;0;E
G/RB;26;5;4;105;3;23/08/2022;VM;809;0.3559719;1328.92;3;18/08/2022;771;MG;1.3;1.2;1.6;2.6;44.7;44.5;47.4;52.1;38.1;36.3;37.2;44.8;2;4;3;7;7;4;0;0;2;0;E
B/BG;33;6;3;71;3;17/08/2022;MG;1115;0.376163;1357.41;2;14/08/2022;705;SGG;2.6;2.7;3.0;3.0;56.4;54.1;57.9;57.6;47.2;49.1;46.0;47.4;4;6;11;17;6;4;0;0;0;0;E
G/GG;31;6;3;266;4;16/08/2022;MG;4622;0.2873406;1004.86;3;13/08/2022;1090;MG;2.6;2.5;3.2;3.1;55.6;57.9;59.0;57.5;44.1;46.6;47.1;50.0;8;8;11;19;5;2;0;0;0;0;E
R/BG;35;6;3;156;3;15/08/2022;MG;1102;0.2325976;642.71;2;12/08/2022;4751;JAP;2.3;3.1;2.5;2.3;53.4;53.0;54.7;54.6;43.3;45.5;43.5;44.2;11;6;6;12;8;4;0;0;0;0;E
R/BR;36;6;3;27;4;17/08/2022;MG;4629;0.2853345;359.66;3;14/08/2022;1096;MG;2.3;2.2;2.0;2.0;53.1;51.2;51.6;52.2;43.4;43.1;43.6;43.9;0;2;2;4;26;10;0;0;0;1;E
R/RB;32;6;3;332;3;16/08/2022;MG;1107;0.2516129 ;369.9;1;13/08/2022;3;SGG;2.2;1.9;1.8;1.8;53.8;52.4;51.2;50.9;44.0;42.4;41.0;41.5;0;5;2;7;29;18;0;0;0;0;E
R/RG;34;6;3;238;1;15/08/2022;SGG;1;0.1203624;933.61;4;12/08/2022;4599;MG;2.1;1.8;1.9;1.9;51.8;50.4;52.6;52.4;44.9;44.2;43.2;43.2;0;0;1;1;9;8;1;0;0;1;E
B/BG;33;6;4;8;2;25/08/2022;MG;1.1;0.4804762;1333.85;3;22/08/2022;781;VM;2.6;2.7;3.0;3.0;56.4;54.1;57.9;57.6;47.2;49.1;46.0;47.4;4;6;11;17;6;4;0;0;0;0;E
G/GG;31;6;4;81;2;24/08/2022;MG;2;0.2849462 ;754.38;1;19/08/2022;1;MG;2.6;2.5;3.2;3.1;55.6;57.9;59.0;57.5;44.1;46.6;47.1;50.0;8;8;11;19;5;2;0;0;0;0;E
R/BG;35;6;4;58;4;23/08/2022;VM;4653;0.2928666;711.45;1;18/08/2022;1;MG;2.3;3.1;2.5;2.3;53.4;53.0;54.7;54.6;43.3;45.5;43.5;44.2;11;6;6;12;8;4;0;0;0;0;E
R/BR;36;6;4;139;1;25/08/2022;MG;2;0.2968542;718.59;4;22/08/2022;4647;VM;2.3;2.2;2.0;2.0;53.1;51.2;51.6;52.2;43.4;43.1;43.6;43.9;0;2;2;4;26;10;0;0;0;1;E
R/RB;32;6;4;124;4;24/08/2022;VM;4660;0.2972973;526.32;4;19/08/2022;4641;MG;2.2;1.9;1.8;1.8;53.8;52.4;51.2;50.9;44.0;42.4;41.0;41.5;0;5;2;7;29;18;0;0;0;0;E
R/RG;34;6;4;292;1;23/08/2022;MG;4768;0.3019126;509.53;2;18/08/2022;1120;MG;2.1;1.8;1.9;1.9;51.8;50.4;52.6;52.4;44.9;44.2;43.2;43.2;0;0;1;1;9;8;1;0;0;1;E
B/GB;37;7;3;107;3;15/08/2022;MG;1105;0.2038104;619.45;3;12/08/2022;4754;MG;1.8;1.9;1.6;1.7;50.5;51.5;50.0;50.4;42.9;41.0;39.8;41.4;0;6;3;9;8;8;0;2;6;0;E
G/GB;38;7;3;86;4;16/08/2022;MG;4627;0.2786885;1350.68;2;13/08/2022;5;SGG;2.1;2.3;2.5;2.6;53.5;53.1;56.1;55.6;44.9;43.4;44.6;45.2;2;7;0;7;1;2;0;0;4;0;E
OG/B;42;7;3;32;3;17/08/2022;MG;1118;0.1921922;925.73;4;14/08/2022;4613;MG;2.1;2.7;2.2;2.3;50.3;50.4;51.7;53.9;41.1;43.1;41.8;44.6;14;6;5;11;0;8;0;0;6;1;E
OG/G;40;7;3;40;3;17/08/2022;MG;1116;0.3037634;563.74;3;14/08/2022;1098;MG;1.8;1.7;1.8;1.8;51.6;48.8;50.5;51.2;40.5;41.0;40.1;40.2;4;2;3;5;1;2;0;0;2;1;E
OO/B;39;7;3;16;2;15/08/2022;SGG;716;0.2338223;1286.72;2;12/08/2022;697;JAP;1.8;2.0;1.8;1.9;49.0;50.5;51.5;49.0;40.1;42.1;39.1;41.8;4;9;4;13;0;3;0;0;3;1;E
R/GB;41;7;3;203;3;16/08/2022;MG;1110;0.3101237;1021.27;2;13/08/2022;6;SGG;1.8;1.8;2.0;2.2;51.7;50.0;51.8;53.2;42.8;41.1;41.6;42.6;0;9;6;15;2;4;0;0;0;0;E
B/GB;37;7;4;74;2;23/08/2022;MG;6;0.2942459;603.51;4;18/08/2022;4639;MG;1.8;1.9;1.6;1.7;50.5;51.5;50.0;50.4;42.9;41.0;39.8;41.4;0;6;3;9;8;8;0;2;6;0;E
G/GB;38;7;4;32;4;24/08/2022;VM;4661;0.3693918;506.43;1;19/08/2022;6;MG;2.1;2.3;2.5;2.6;53.5;53.1;56.1;55.6;44.9;43.4;44.6;45.2;2;7;0;7;1;2;0;0;4;0;E
OG/B;42;7;4;268;2;25/08/2022;MG;836;0.2632058;774.81;4;22/08/2022;4649;VM;2.1;2.7;2.2;2.3;50.3;50.4;51.7;53.9;41.1;43.1;41.8;44.6;14;6;5;11;0;8;0;0;6;1;E
OG/G;40;7;4;62;4;25/08/2022;VM;6.1;0.2800926 ;738.22;3;22/08/2022;1135;VM;1.8;1.7;1.8;1.8;51.6;48.8;50.5;51.2;40.5;41.0;40.1;40.2;4;2;3;5;1;2;0;0;2;1;E
OO/B;39;7;4;151;1;23/08/2022;MG;4772;0.3665756;849.5;4;18/08/2022;4637;MG;1.8;2.0;1.8;1.9;49.0;50.5;51.5;49.0;40.1;42.1;39.1;41.8;4;9;4;13;0;3;0;0;3;1;E
R/GB;41;7;4;75;3;24/08/2022;VM;824;0.2850539;521.93;3;19/08/2022;779;MG;1.8;1.8;2.0;2.2;51.7;50.0;51.8;53.2;42.8;41.1;41.6;42.6;0;9;6;15;2;4;0;0;0;0;E
OB/O;44;8;3;92;4;15/08/2022;MG;4621;0.2497843;1119.77;2;12/08/2022;696;JAP;2.3;2.8;2.7;3.1;56.1;56.0;55.8;56.2;47.2;46.1;44.9;46.8;4;4;2;6;3;2;0;0;1;1;E
OG/O;46;8;3;43;1;17/08/2022;JAP;768;0.200579;618.96;1;14/08/2022;6;SGG;2.3;2.2;2.3;2.3;53.2;53.3;53.9;53.9;45.8;44.1;43.2;45.1;6;16;14;30;1;6;0;0;0;1;E
OO/G;43;8;3;32;3;15/08/2022;MG;1106;0.3628035;981.12;3;12/08/2022;4752;MG;2.2;2.4;2.3;2.2;50.5;52.6;54.1;53.3;43.4;43.3;42.8;44.5;4;5;4;9;0;2;0;0;0;1;E
OO/O;45;8;3;53;4;17/08/2022;MG;4631;0.2689516;649.16;1;14/08/2022;4;SGG;3.2;3.1;3.8;4.1;59.4;61.3;63.1;66.1;50.5;48.8;51.3;51.5;2;5;1;6;2;6;0;0;1;0;E
R/GG;47;8;3;30;2;16/08/2022;JAP;724;0.3784153;1095.31;3;13/08/2022;1093;MG;2.9;2.7;2.9;2.9;56.8;58.6;58.3;59.0;45.9;47.8;46.7;46.5;0;6;0;6;4;2;0;0;4;1;E
R/GR;48;8;3;231;1;16/08/2022;JAP;3;0.3175151 ;660.1;4;13/08/2022;4608;MG;2.3;1.8;2.2;2.7;51.5;53.2;54.1;54.2;44.1;43.2;43.3;44.1;2;2;2;4;3;0;0;0;4;0;E
OB/O;44;8;4;28;4;23/08/2022;VM;4655;0.2758945 ;1086.31;3;18/08/2022;773;MG;2.3;2.8;2.7;3.1;56.1;56.0;55.8;56.2;47.2;46.1;44.9;46.8;4;4;2;6;3;2;0;0;1;1;E
OG/O;46;8;4;43;1;25/08/2022;MG;5;0.3371143;606.83;2;22/08/2022;787;MG;2.3;2.2;2.3;2.3;53.2;53.3;53.9;53.9;45.8;44.1;43.2;45.1;6;16;14;30;1;6;0;0;0;1;E
OO/G;43;8;4;36;2;23/08/2022;MG;7;0.3542857;592.95;4;18/08/2022;4638;MG;2.2;2.4;2.3;2.2;50.5;52.6;54.1;53.3;43.4;43.3;42.8;44.5;4;5;4;9;0;2;0;0;0;1;E
OO/O;45;8;4;24;4;25/08/2022;VM;5.1;0.3531616 ;583.53;2;22/08/2022;786;MG;3.2;3.1;3.8;4.1;59.4;61.3;63.1;66.1;50.5;48.8;51.3;51.5;2;5;1;6;2;6;0;0;1;0;E
R/GG;47;8;4;15;1;24/08/2022;MG;4777;0.4100753;621.66;4;19/08/2022;4645;MG;2.9;2.7;2.9;2.9;56.8;58.6;58.3;59.0;45.9;47.8;46.7;46.5;0;6;0;6;4;2;0;0;4;1;E
R/GR;48;8;4;27;1;24/08/2022;MG;4778;0.3964218;690.75;2;19/08/2022;1130;MG;2.3;1.8;2.2;2.7;51.5;53.2;54.1;54.2;44.1;43.2;43.3;44.1;2;2;2;4;3;0;0;0;4;0;E
B/OB;52;9;3;40;2;15/08/2022;SGG;715;0.1905184;1081.95;2;12/08/2022;695;JAP;1.9;2.1;2.2;2.1;51.1;51.2;54.3;54.2;43.4;42.1;43.2;44.3;2;2;2;4;1;4;0;0;0;1;E
BB/O;50;9;3;32;2;17/08/2022;JAP;6;0.2105263;959.08;2;14/08/2022;710;SGG;1.8;1.6;1.8;1.9;46.4;49.5;50.0;50.5;41.1;40.8;42.0;42.4;0;6;1;7;4;4;0;0;44;1;E
G/OG;53;9;3;36;1;15/08/2022;SGG;4;0.2656578;811.22;1;12/08/2022;5;JAP;2.0;1.8;2.4;2.5;52.0;53.3;56.0;56.4;42.5;43.4;46.2;45.9;2;8;4;12;2;4;0;0;0;0;E
GO/B;49;9;3;85;4;16/08/2022;MG;4626;0.2882883;595.33;3;13/08/2022;1094;MG;1.8;1.9;2.2;1.9;49.5;49.1;51.9;53.1;41.2;41.6;43.8;43.4;20;30;8;38;0;4;0;0;0;0;E
O/GO;54;9;3;134;1;17/08/2022;JAP;767;0.3355735;1179.96;2;14/08/2022;709;SGG;1.2;1.2;1.8;1.8;44.4;46.0;49.3;49.0;38.8;37.9;39.1;40.4;22;18;5;23;0;8;0;0;0;1;E
O/OB;51;9;3;27;4;16/08/2022;MG;4625;0.3424408;610.79;2;13/08/2022;7;SGG;1.5;1.8;1.8;1.8;46.7;47.7;52.3;49.8;40.9;42.0;41.0;41.9;16;14;9;23;4;2;0;0;0;1;E
B/OB;52;9;4;14;3;23/08/2022;VM;810;0.2866637;1096.54;3;18/08/2022;772;MG;1.9;2.1;2.2;2.1;51.1;51.2;54.3;54.2;43.4;42.1;43.2;44.3;2;2;2;4;1;4;0;0;0;1;E
BB/O;50;9;4;91;4;25/08/2022;VM;4.1;0.3221326;1003.64;3;22/08/2022;1134;VM;1.8;1.6;1.8;1.9;46.4;49.5;50.0;50.5;41.1;40.8;42.0;42.4;0;6;1;7;4;4;0;0;44;1;E
G/OG;53;9;4;30;1;23/08/2022;MG;4771;0.3305556;717.62;2;22/08/2022;784;MG;2.0;1.8;2.4;2.5;52.0;53.3;56.0;56.4;42.5;43.4;46.2;45.9;2;8;4;12;2;4;0;0;0;0;E
GO/B;49;9;4;18;3;24/08/2022;VM;825;0.3960784;590.63;3;19/08/2022;780;MG;1.8;1.9;2.2;1.9;49.5;49.1;51.9;53.1;41.2;41.6;43.8;43.4;20;30;8;38;0;4;0;0;0;0;E
O/GO;54;9;4;49;1;25/08/2022;MG;6;0.3723684;752.88;1;22/08/2022;6;MG;1.2;1.2;1.8;1.8;44.4;46.0;49.3;49.0;38.8;37.9;39.1;40.4;22;18;5;23;0;8;0;0;0;1;E
O/OB;51;9;4;28;3;24/08/2022;VM;826;0.4373823;863.46;4;19/08/2022;4643;MG;1.5;1.8;1.8;1.8;46.7;47.7;52.3;49.8;40.9;42.0;41.0;41.9;16;14;9;23;4;2;0;0;0;1;E
B/OO;56;10;3;179;3;15/08/2022;MG;1104;0.1924072;1296.04;3;12/08/2022;4753;MG;2.3;2.7;3.0;3.0;55.5;55.9;56.5;59.1;45.8;45.7;46.6;46.4;2;14;10;24;4;6;0;0;24;1;E
BO/G;55;10;3;36;3;17/08/2022;MG;1117;0.3642857;565.95;3;14/08/2022;1100;MG;2.4;2.2;2.7;2.8;55.8;56.1;59.1;56.8;46.6;45.6;47.0;48.4;4;6;0;6;19;10;0;0;0;1;E
G/OO;59;10;3;40;4;17/08/2022;MG;4632;0.3378871;714.51;3;14/08/2022;1099;MG;1.6;1.7;2.1;2.2;47.0;49.5;50.8;50.5;39.5;41.1;42.2;41.6;24;34;6;40;4;10;0;0;2;0;E
GO/O;58;10;3;114;3;16/08/2022;MG;1112;0.2907679;575.17;1;13/08/2022;704;SGG;2.0;2.0;1.9;2.1;49.6;50.0;52.5;52.4;43.4;43.5;42.4;44.0;5;24;7;31;11;16;0;0;14;1;E
O/OO;60;10;3;280;2;16/08/2022;JAP;725;0.3189815;564.86;1;13/08/2022;702;SGG;2.4;2.8;2.8;2.8;55.9;55.6;58.3;59.9;47.1;47.2;44.6;48.5;2;12;0;12;8;4;0;0;0;1;E
OB/B;57;10;3;188;4;15/08/2022;MG;4619;0.3057156;1346.83;4;12/08/2022;4601;MG;2.6;2.5;2.7;2.8;55.1;53.8;57.7;56.4;45.4;46.2;46.6;45.4;4;8;4;12;6;5;0;0;5;1;E
B/OO;56;10;4;73;4;23/08/2022;VM;4657;0.3190476;498.64;2;18/08/2022;1124;MG;2.3;2.7;3.0;3.0;55.5;55.9;56.5;59.1;45.8;45.7;46.6;46.4;2;14;10;24;4;6;0;0;24;1;E
BO/G;55;10;4;38;1;25/08/2022;MG;4;0.3252688;834.54;1;22/08/2022;9;MG;2.4;2.2;2.7;2.8;55.8;56.1;59.1;56.8;46.6;45.6;47.0;48.4;4;6;0;6;19;10;0;0;0;1;E
G/OO;59;10;4;89;2;25/08/2022;MG;837;0.4233333;756.9;3;22/08/2022;1136;VM;1.6;1.7;2.1;2.2;47.0;49.5;50.8;50.5;39.5;41.1;42.2;41.6;24;34;6;40;4;10;0;0;2;0;E
GO/O;58;10;4;112;4;24/08/2022;VM;4662;0.374537;628.08;4;19/08/2022;4644;MG;2.0;2.0;1.9;2.1;49.6;50.0;52.5;52.4;43.4;43.5;42.4;44.0;5;24;7;31;11;16;0;0;14;1;E
O/OO;60;10;4;95;4;24/08/2022;VM;4664;0.3384236;574.09;1;19/08/2022;4;MG;2.4;2.8;2.8;2.8;55.9;55.6;58.3;59.9;47.1;47.2;44.6;48.5;2;12;0;12;8;4;0;0;0;1;E
OB/B;57;10;4;164;3;23/08/2022;VM;811;0.3328625;778.96;2;22/08/2022;785;MG;2.6;2.5;2.7;2.8;55.1;53.8;57.7;56.4;45.4;46.2;46.6;45.4;4;8;4;12;6;5;0;0;5;1;E
