"ID_fish","trial","cage","treatment","exploration","log_boldness","log_activity","z_log_boldness","z_log_activity","z_exploration","dens_tot","dens_ces","BS_pre","BS_post_tot","dens_bs2","name","body_condition","z_bc","z_ces","z_bs2","z_dens"
"B/BB",1,"5","C",0.2346851,0.926153124453762,1.11463055543744,0.926153124453762,1.11463055543744,-0.714029788371908,0,0,4,0,0,"fulton1",0.033457980481986,2.12588618437878,-0.5029148703709,-0.58306243216953,-0.625192705122838
"B/BB",2,"5","C",0.2234685,0.3110527158533,0.610963513967586,0.3110527158533,0.610963513967587,-0.873444242243241,0,0,4,0,0,"fulton2",0.0269713972732514,0.066591969956967,-0.5029148703709,-0.58306243216953,-0.625192705122838
"B/BB",3,"5","E",0.2397661,-0.179589373424393,1.08105216826168,-0.179589373424393,1.08105216826168,-0.641816743409955,4.77453580901857,2.12201591511936,4,9,2.6525198938992,"fulton3",0.0303546896369057,1.14068508893354,-0.0253514102889644,0.231368561036187,0.0969325692910016
"B/BB",4,"5","E",0.2879929,1.25678924724569,0.259045285667272,1.25678924724569,0.259045285667273,0.0436003155884933,4.77453580901857,2.12201591511936,4,9,2.6525198938992,"fulton4",0.0275512577996917,0.250680169991488,-0.0253514102889644,0.231368561036187,0.0969325692910016
"B/BG",1,"6","C",0.2822581,1.13862881377707,1.0127607844526,1.13862881377707,1.0127607844526,-0.0379047759776959,0,0,4,0,0,"fulton1",0.0247256292025962,-0.646371549667052,-0.5029148703709,-0.58306243216953,-0.625192705122838
"B/BG",2,"6","C",0.3481982,-0.24626873047039,-0.17571455629361,-0.246268730470389,-0.17571455629361,0.899260232110413,0,0,4,0,0,"fulton2",0.0228096850023897,-1.25462595413186,-0.5029148703709,-0.58306243216953,-0.625192705122838
"B/BG",3,"6","E",0.376163,-0.274228589396566,1.44941733128753,-0.274228589396566,1.44941733128753,1.29670627811553,6.3973063973064,2.02020202020202,4,17,4.37710437710438,"fulton3",0.0305128626612969,1.19090024590058,-0.0482648086262284,0.760885816214723,0.34236871287685
"B/BG",4,"6","E",0.4804762,-2.47163656972478,1.40199465817834,-2.47163656972478,1.40199465817834,2.77924392852396,6.3973063973064,2.02020202020202,4,17,4.37710437710438,"fulton4",0.0278882603607423,0.357668302554458,-0.0482648086262284,0.760885816214723,0.34236871287685
"B/BR",1,"5","C",0.1935484,1.08865094881091,-0.475643210795449,1.08865094881091,-0.475643210795449,-1.29867973261249,0,0,4,0,0,"fulton1",0.0254825247725392,-0.406080071403694,-0.5029148703709,-0.58306243216953,-0.625192705122838
"B/BR",2,"5","C",0.2364865,0.22850728275401,-0.053862432195227,0.22850728275401,-0.0538624321952266,-0.688427627538517,0,0,4,0,0,"fulton2",0.0283369965985686,0.500128502111103,-0.5029148703709,-0.58306243216953,-0.625192705122838
"B/BR",3,"5","E",0.3198937,0.716504192595597,0.313308014896318,0.716504192595597,0.313308014896318,0.496986244484827,6.12912013075456,2.72405339144647,4,9,3.40506673930809,"fulton3",0.024142301782836,-0.831560383598641,0.110138195724475,0.46243090901324,0.301806846954312
"B/BR",4,"5","E",0.3424408,0.26234207194987,-0.44458868770123,0.262342071949871,-0.44458868770123,0.817433941013395,6.12912013075456,2.72405339144647,4,9,3.40506673930809,"fulton4",0.0243773321490195,-0.756945342409716,0.110138195724475,0.46243090901324,0.301806846954312
"B/GB",1,"7","C",0.1148649,0.598618668819435,-1.38440518049923,0.598618668819436,-1.38440518049923,-2.41695863898207,0,0,0,0,0,"fulton1",0.0227982036383425,-1.25827094037427,-0.5029148703709,-0.58306243216953,-0.625192705122838
"B/GB",2,"7","C",0.3148148,-0.0696813566387066,-1.65373648601628,-0.0696813566387062,-1.65373648601628,0.424803045496978,0,0,0,0,0,"fulton2",0.02756779501168,0.255930235222181,-0.5029148703709,-0.58306243216953,-0.625192705122838
"B/GB",3,"7","E",0.2038104,0.138582315194883,-0.675388428167701,0.138582315194883,-0.675388428167701,-1.15283240582651,13.9630888780962,8.49927149101506,0,9,5.46381738708111,"fulton3",0.0245412816969878,-0.704896313710976,1.40986131217559,1.09455070524366,1.48665644442468
"B/GB",4,"7","E",0.2942459,-0.232574775064468,-0.745996762378152,-0.232574775064468,-0.745996762378152,0.132470256573948,13.9630888780962,8.49927149101506,0,9,5.46381738708111,"fulton4",0.0232137503871307,-1.12634740096001,1.40986131217559,1.09455070524366,1.48665644442468
"B/GG",1,"C2","C",0.1302409,1.45566066771873,-0.147394931441281,1.45566066771873,-0.147394931441281,-2.19842925906965,0,0,0,0,0,"fulton1",0.0281857095521257,0.452099435122905,-0.5029148703709,-0.58306243216953,-0.625192705122838
"B/GG",2,"C2","C",0.03069171,-0.427019853059829,-1.46489290976104,-0.427019853059829,-1.46489290976104,-3.61325904324521,0,0,0,0,0,"fulton2",0.0286014816320156,0.584094510354881,-0.5029148703709,-0.58306243216953,-0.625192705122838
"B/GR",1,"C1","C",0.2269338,-1.14130227512213,0.777539914155724,-1.14130227512213,0.777539914155724,-0.824194121261809,0,0,2,0,0,"fulton1",0.0294805578954031,0.863174667808465,-0.5029148703709,-0.58306243216953,-0.625192705122838
"B/GR",2,"C1","C",0.349136,0.219867828882642,0.798884071060081,0.219867828882643,0.798884071060081,0.912588591402938,0,0,2,0,0,"fulton2",0.0226708840556579,-1.2986910616566,-0.5029148703709,-0.58306243216953,-0.625192705122838
"B/OB",1,"9","C",0.2986265,0.882194601223543,0.867150433529475,0.882194601223544,0.867150433529475,0.194728958553938,0,0,2,0,0,"fulton1",0.0232425841721623,-1.11719354525744,-0.5029148703709,-0.58306243216953,-0.625192705122838
"B/OB",2,"9","C",0.2905282,-0.302987408631509,-0.221917291309053,-0.302987408631508,-0.221917291309053,0.0796329337526422,0,0,2,0,0,"fulton2",0.0281431695569277,0.438594271745858,-0.5029148703709,-0.58306243216953,-0.625192705122838
"B/OB",3,"9","E",0.1905184,-0.851753089600784,0.835097949007327,-0.851753089600783,0.835097949007327,-1.34174320953331,1.43884892086331,0.479616306954436,2,4,0.959232613908873,"fulton3",0.0271019288535792,0.108031803459206,-0.39497636650346,-0.288539185705688,-0.407573817469747
"B/OB",4,"9","E",0.2866637,-1.90838876557546,0.871377468034408,-1.90838876557546,0.871377468034408,0.024709235217813,1.43884892086331,0.479616306954436,2,4,0.959232613908873,"fulton4",0.0239825236072287,-0.882285127586496,-0.39497636650346,-0.288539185705688,-0.407573817469747
"B/OO",1,"10","C",0.3593265,1.96674704914924,1.50049199590955,1.96674704914924,1.50049199590955,1.05741973383253,0,0,2,0,0,"fulton1",0.0239403999787159,-0.895658107119088,-0.5029148703709,-0.58306243216953,-0.625192705122838
"B/OO",2,"10","C",0.3218292,-0.460572633232797,-0.305977143292203,-0.460572633232797,-0.305977143292202,0.524494283950259,0,0,2,0,0,"fulton2",0.0282888416036827,0.484840745957676,-0.5029148703709,-0.58306243216953,-0.625192705122838
"B/OO",3,"10","E",0.1924072,0.65647886223137,1.32410956831637,0.656478862231371,1.32410956831637,-1.31489888768247,16.9445574081605,9.48895214856988,2,24,7.45560525959062,"fulton3",0.0291596310541809,0.761290090656719,1.63259070634767,1.70611021851782,1.93758903065896
"B/OO",4,"10","E",0.3190476,-0.24626873047039,-1.26298621419214,-0.246268730470389,-1.26298621419214,0.484961159394823,16.9445574081605,9.48895214856988,2,24,7.45560525959062,"fulton4",0.0295383228607159,0.881513299263118,1.63259070634767,1.70611021851782,1.93758903065896
"B/RB",1,"3","C",0.2025206,-1.17542385451686,0.967131786495247,-1.17542385451686,0.967131786495247,-1.17116351887353,0,0,22,0,0,"fulton1",0.0281743050338092,0.448478845078548,-0.5029148703709,-0.58306243216953,-0.625192705122838
"B/RB",2,"3","C",0.2280872,0.138582315194883,-1.00906097418944,0.138582315194883,-1.00906097418944,-0.807801575294654,0,0,22,0,0,"fulton2",0.0244658780759603,-0.728834685505743,-0.5029148703709,-0.58306243216953,-0.625192705122838
"B/RB",3,"3","E",0.2707133,0.845590923909685,-1.98115469760703,0.845590923909686,-1.98115469760703,-0.201983729230354,6.32111251580278,3.37126000842815,22,29,2.94985250737463,"fulton3",0.03104418897183,1.35958029856337,0.255793197268755,0.322661710717065,0.330844759598392
"B/RB",4,"3","E",0.331299,0.684207618589592,-0.223619061395926,0.684207618589593,-0.223619061395926,0.659082572314893,6.32111251580278,3.37126000842815,22,29,2.94985250737463,"fulton4",0.0260411522633745,-0.228732718741193,0.255793197268755,0.322661710717065,0.330844759598392
"B/RG",1,"5","C",0.2225225,-0.930220616764221,-0.355875318884812,-0.93022061676422,-0.355875318884812,-0.886889142958456,0,0,0,0,0,"fulton1",0.0305962388913108,1.21736968020256,-0.5029148703709,-0.58306243216953,-0.625192705122838
"B/RG",2,"5","C",0.3229951,-0.302987408631509,-0.11321494146197,-0.302987408631508,-0.113214941461969,0.541064484525173,0,0,0,0,0,"fulton2",0.0293815704099603,0.831749131511015,-0.5029148703709,-0.58306243216953,-0.625192705122838
"B/RG",3,"5","E",0.3610988,1.40617252730487,0.94320804519237,1.40617252730487,0.94320804519237,1.08260831473906,4.02058539723384,2.01029269861692,0,5,2.01029269861692,"fulton3",0.0286087926694961,0.586415543894502,-0.0504949190931325,0.034178811877101,-0.0170987564299357
"B/RG",4,"5","E",0.3419204,-0.668248230146872,-0.0156556460515963,-0.668248230146872,-0.0156556460515959,0.810037824383165,4.02058539723384,2.01029269861692,0,5,2.01029269861692,"fulton4",0.0286087926694961,0.586415543894502,-0.0504949190931325,0.034178811877101,-0.0170987564299357
"B/RR",1,"3","C",0.2968468,1.96368314968695,1.35256902930088,1.96368314968695,1.35256902930088,0.169435206119617,0,0,2,0,0,"fulton1",0.0280287732174341,0.402276889776104,-0.5029148703709,-0.58306243216953,-0.625192705122838
"B/RR",2,"3","C",0.247366,-0.26015157396847,-0.67954538861811,-0.260151573968469,-0.679545388618109,-0.533804163129234,0,0,2,0,0,"fulton2",0.026291962629656,-0.149108004221996,-0.5029148703709,-0.58306243216953,-0.625192705122838
"B/RR",3,"3","E",0.3278689,1.31689607149249,0.432653993592206,1.31689607149249,0.432653993592207,0.610332726708911,3.22812051649928,1.43472022955524,2,7,1.79340028694405,"fulton3",0.0285390451689286,0.56427281947903,-0.180028528098858,-0.0324159392739838,-0.136955207895404
"B/RR",4,"3","E",0.2643369,-0.0244382254534814,-1.63435440476716,-0.024438225453481,-1.63435440476715,-0.292607476503607,3.22812051649928,1.43472022955524,2,7,1.79340028694405,"fulton4",0.02474294428275,-0.640874534792572,-0.180028528098858,-0.0324159392739838,-0.136955207895404
"BB/B",1,"2","C",0.3416667,-0.410653798218626,1.67103716956356,-0.410653798218625,1.67103716956356,0.806432146464084,0,0,4,0,0,"fulton1",0.0361374580653329,2.97653937227423,-0.5029148703709,-0.58306243216953,-0.625192705122838
"BB/B",2,"2","C",0.2487179,1.25678924724569,0.982537657680707,1.25678924724569,0.982537657680708,-0.514590461990862,0,0,4,0,0,"fulton2",0.0370006189945414,3.25056689191516,-0.5029148703709,-0.58306243216953,-0.625192705122838
"BB/B",3,"2","E",0.3380594,1.51007879585855,-0.143152653834524,1.51007879585855,-0.143152653834524,0.755163869138508,10.5095541401274,6.36942675159236,4,17,4.14012738853503,"fulton3",0.0256114318301784,-0.36515597477959,0.930535961244467,0.688124286843599,0.964326144661767
"BB/B",4,"2","E",0.3093137,-1.65544325736797,-1.25203628326047,-1.65544325736797,-1.25203628326047,0.346619384477454,10.5095541401274,6.36942675159236,4,17,4.14012738853503,"fulton4",0.0258889270214645,-0.27705963444808,0.930535961244467,0.688124286843599,0.964326144661767
"BB/G",1,"2","C",0.3524904,1.01265333747867,0.643534459468121,1.01265333747867,0.643534459468121,0.96026256070433,0,0,28,0,0,"fulton1",0.0333083825790831,2.07839336943689,-0.5029148703709,-0.58306243216953,-0.625192705122838
"BB/G",2,"2","C",0.3151184,0.695088699659529,-0.964230917351226,0.69508869965953,-0.964230917351226,0.429117920610233,0,0,28,0,0,"fulton2",0.0276019114323667,0.266761168161159,-0.5029148703709,-0.58306243216953,-0.625192705122838
"BB/G",3,"2","E",0.3635982,-0.0930891603994867,-1.24005304204584,-0.0930891603994863,-1.24005304204584,1.11813070886973,22.5781715941041,8.09406151486751,28,62,14.4841100792366,"fulton3",0.0275022326919923,0.235116179305169,1.31866808554144,3.86414574322065,2.78964572322411
"BB/G",4,"2","E",0.2702703,-0.410653798218626,-1.37703022802161,-0.410653798218625,-1.37703022802161,-0.208279808529339,22.5781715941041,8.09406151486751,28,62,14.4841100792366,"fulton4",0.0231968679465177,-1.13170706584997,1.31866808554144,3.86414574322065,2.78964572322411
"BB/O",1,"9","C",0.1781125,1.52204671565698,0.541220538927155,1.52204671565698,0.541220538927156,-1.51806043340528,0,0,0,0,0,"fulton1",0.0259266878824754,-0.265071701801718,-0.5029148703709,-0.58306243216953,-0.625192705122838
"BB/O",2,"9","C",0.2304189,0.365053645978396,0.267701935697483,0.365053645978397,0.267701935697484,-0.774662595381687,0,0,0,0,0,"fulton2",0.0235580583636761,-1.01704001966804,-0.5029148703709,-0.58306243216953,-0.625192705122838
"BB/O",3,"9","E",0.2105263,-1.07634488632528,0.508602422237346,-1.07634488632527,0.508602422237346,-1.05738355940651,29.8783137766189,26.0756192959583,0,7,3.80269448066058,"fulton3",0.0234963826800561,-1.03662018604565,5.36544968148341,0.584518723344318,3.89375665414456
"BB/O",4,"9","E",0.3221326,-0.0244382254534814,0.631605725319758,-0.024438225453481,0.631605725319759,0.52880631658979,29.8783137766189,26.0756192959583,0,7,3.80269448066058,"fulton4",0.0241495496282166,-0.829259411641757,5.36544968148341,0.584518723344318,3.89375665414456
"BB/R",1,"1","C",0.4427516,0.22850728275401,1.2261224943878,0.22850728275401,1.2261224943878,2.24308800725419,0,0,4,0,0,"fulton1",0.0258292343131481,-0.296010266070843,-0.5029148703709,-0.58306243216953,-0.625192705122838
"BB/R",2,"1","C",0.2305764,0.886677861180265,-1.27610842055461,0.886677861180266,-1.27610842055461,-0.772424147323921,0,0,4,0,0,"fulton2",0.0277704985779385,0.320282494000995,-0.5029148703709,-0.58306243216953,-0.625192705122838
"BB/R",3,"1","E",0.2866637,1.559414912716,0.394631843731663,1.559414912716,0.394631843731663,0.024709235217813,5.67437800087298,1.3094718463553,4,14,4.36490615451768,"fulton3",0.0288482922004063,0.662449409874358,-0.208215899750719,0.757140468042413,0.233029315805002
"BB/R",4,"1","E",0.3638434,-0.288505285451468,-0.839968760119406,-0.288505285451468,-0.839968760119406,1.12161558165553,5.67437800087298,1.3094718463553,4,14,4.36490615451768,"fulton4",0.0258238216153976,-0.297728634093473,-0.208215899750719,0.757140468042413,0.233029315805002
"BG/B",1,"1","C",0.2995614,1.84494387527589,1.01229186513198,1.84494387527589,1.01229186513198,0.208016101977462,0,0,0,0,0,"fulton1",0.0334897976680384,2.13598717977936,-0.5029148703709,-0.58306243216953,-0.625192705122838
"BG/B",2,"1","C",0.1885246,-0.00255714204022276,-0.0485843031853934,-0.00255714204022235,-0.048584303185393,-1.37007983008933,0,0,0,0,0,"fulton2",0.0263660748516413,-0.125579612611023,-0.5029148703709,-0.58306243216953,-0.625192705122838
"BG/B",3,"1","E",0.2547289,0.938974829006827,0.100664067303594,0.938974829006827,0.100664067303594,-0.429159914211626,3.74531835205992,2.62172284644195,0,3,1.12359550561798,"fulton3",0.0301430874688676,1.07350779290915,0.0871085243651633,-0.238073123811601,-0.0587315556138554
"BG/B",4,"1","E",0.1670359,-0.778963052744192,-1.46670767467313,-0.778963052744191,-1.46670767467313,-1.67548515566972,3.74531835205992,2.62172284644195,0,3,1.12359550561798,"fulton4",0.0257168450150737,-0.331690473021073,0.0871085243651633,-0.238073123811601,-0.0587315556138554
"BG/G",1,"4","C",0.2277359,0.22850728275401,0.499493721865624,0.22850728275401,0.499493721865624,-0.812794380391118,0,0,23,0,0,"fulton1",0.0262293473397715,-0.168986467203843,-0.5029148703709,-0.58306243216953,-0.625192705122838
"BG/G",2,"4","C",0.3111111,0.401925541867091,-0.134186669331763,0.401925541867092,-0.134186669331763,0.372164695836362,0,0,23,0,0,"fulton2",0.0305823475949504,1.21295961325279,-0.5029148703709,-0.58306243216953,-0.625192705122838
"BG/G",3,"4","E",0.2424504,-1.50029210939706,0.0457431265252113,-1.50029210939706,0.0457431265252116,-0.603666482321317,21.3219616204691,2.13219616204691,23,59,19.1897654584222,"fulton3",0.025559840709417,-0.381534597095946,-0.023060327591342,5.30897245044669,2.5996500863249
"BG/G",4,"4","E",0.2867232,-0.877235215124145,-2.05953143473773,-0.877235215124145,-2.05953143473773,0.0255548711507466,21.3219616204691,2.13219616204691,23,59,19.1897654584222,"fulton4",0.0270213702597354,0.0824568835227575,-0.023060327591342,5.30897245044669,2.5996500863249
"BG/R",1,"3","C",0.09981168,1.13862881377707,-0.59144127500523,1.13862881377707,-0.59144127500523,-2.63090055055108,0,0,0,0,0,"fulton1",0.0285283461616623,0.560876207880203,-0.5029148703709,-0.58306243216953,-0.625192705122838
"BG/R",2,"3","C",0.2652778,0.984637885180878,-1.46577086998089,0.984637885180879,-1.46577086998089,-0.279235058868358,0,0,0,0,0,"fulton2",0.0377020555983302,3.47325182379438,-0.5029148703709,-0.58306243216953,-0.625192705122838
"BG/R",3,"3","E",0.2618747,0.678722644818326,-0.191137756402435,0.678722644818326,-0.191137756402435,-0.32760117052158,15.7068062827225,11.8990956687292,0,8,3.80771061399334,"fulton3",0.0263739835905891,-0.123068826911605,2.17499779697338,0.586058879352817,1.75038520459808
"BG/R",4,"3","E",0.2472678,-1.14130227512213,-1.0535392720306,-1.14130227512213,-1.0535392720306,-0.53519981772779,15.7068062827225,11.8990956687292,0,8,3.80771061399334,"fulton4",0.023210635389321,-1.12733631866307,2.17499779697338,0.586058879352817,1.75038520459808
"BO/G",1,"10","C",0.3324926,-0.21906463669789,1.41218922356253,-0.219064636697889,1.41218922356253,0.676046455500602,0,0,4,0,0,"fulton1",0.0237166580351207,-0.966689415150204,-0.5029148703709,-0.58306243216953,-0.625192705122838
"BO/G",2,"10","C",0.3177966,-0.0244382254534814,1.30298299511363,-0.024438225453481,1.30298299511363,0.467181486250284,0,0,4,0,0,"fulton2",0.0232021458694443,-1.13003148476249,-0.5029148703709,-0.58306243216953,-0.625192705122838
"BO/G",3,"10","E",0.3642857,-0.957797415668222,-0.920035094862127,-0.957797415668221,-0.920035094862126,1.12790171229648,7.74050866199779,7.00331736085514,4,6,0.737191301142647,"fulton3",0.0251678337169991,-0.505984974979337,1.07319417154161,-0.356714857942803,0.545521509877852
"BO/G",4,"10","E",0.3252688,-0.903379287528398,0.131869881042849,-0.903379287528398,0.13186988104285,0.573379147058139,7.74050866199779,7.00331736085514,4,6,0.737191301142647,"fulton4",0.0239284026911859,-0.89946688348166,1.07319417154161,-0.356714857942803,0.545521509877852
"BR/B",1,"1","C",0.2404372,-1.24734660118957,1.77288487458478,-1.24734660118957,1.77288487458478,-0.63227882282858,0,0,0,0,0,"fulton1",0.0361154770710059,2.9695610706032,-0.5029148703709,-0.58306243216953,-0.625192705122838
"BR/B",2,"1","C",0.2879929,0.850239847630441,0.983509470549057,0.850239847630441,0.983509470549057,0.0436003155884933,0,0,0,0,0,"fulton2",0.0311403858418367,1.39011989876206,-0.5029148703709,-0.58306243216953,-0.625192705122838
"BR/B",3,"1","E",0.2351165,-0.711084064809912,0.915962877877711,-0.711084064809911,0.915962877877712,-0.707898572548923,9.79519145146928,5.34283170080142,0,10,4.45235975066785,"fulton3",0.0270219962695283,0.0826556227207613,0.699498917146174,0.783992262570255,0.856282269149544
"BR/B",4,"1","E",0.2972973,-1.83894811682188,-0.847133557658972,-1.83894811682188,-0.847133557658972,0.175837878183257,9.79519145146928,5.34283170080142,0,10,4.45235975066785,"fulton4",0.026010155216933,-0.238573344591054,0.699498917146174,0.783992262570255,0.856282269149544
"BR/G",1,"C1","C",0.2058559,0.451377111229362,-0.0370914025112441,0.451377111229363,-0.0370914025112438,-1.12376100581279,0,0,2,0,0,"fulton1",0.0337934139492301,2.23237617705922,-0.5029148703709,-0.58306243216953,-0.625192705122838
"BR/G",2,"C1","C",0.2771429,1.4220648079474,-0.598869617209699,1.4220648079474,-0.598869617209699,-0.110603883946478,0,0,2,0,0,"fulton2",0.0273417059869798,0.184153799843621,-0.5029148703709,-0.58306243216953,-0.625192705122838
"BR/R",1,"1","C",0.2688172,1.35130934490349,2.61166218389914,1.35130934490349,2.61166218389914,-0.22893180137213,0,0,2,0,0,"fulton1",0.0283446712018141,0.502564956798087,-0.5029148703709,-0.58306243216953,-0.625192705122838
"BR/R",2,"1","C",0.273183,0.639467355361925,0.803117593766895,0.639467355361925,0.803117593766896,-0.166883442447726,0,0,2,0,0,"fulton2",0.0274196767987856,0.208907177157774,-0.5029148703709,-0.58306243216953,-0.625192705122838
"BR/R",3,"1","E",0.2946506,-0.957797415668222,-0.369822519235279,-0.957797415668221,-0.369822519235279,0.138222002154759,5.54156171284635,2.51889168765743,2,8,3.02267002518892,"fulton3",0.0266422215830421,-0.0379113675572295,0.0639661889832876,0.345019636662378,0.212941499465517
"BR/R",4,"1","E",0.2733717,0.537228289767089,-1.0323559010175,0.537228289767089,-1.0323559010175,-0.164201568488993,5.54156171284635,2.51889168765743,2,8,3.02267002518892,"fulton4",0.0239497532487689,-0.892688726431868,0.0639661889832876,0.345019636662378,0.212941499465517
"G/BB",1,"C2","C",0.2825712,0.0603689843192269,1.60200947939236,0.0603689843192273,1.60200947939236,-0.0334548833625437,0,0,4,0,0,"fulton1",0.0285283461616623,0.560876207880203,-0.5029148703709,-0.58306243216953,-0.625192705122838
"G/BB",2,"C2","C",0.3513514,-1.77399072802503,0.771267767801696,-1.77399072802503,0.771267767801696,0.944074672845313,0,0,4,0,0,"fulton2",0.0241227167630809,-0.837778035723523,-0.5029148703709,-0.58306243216953,-0.625192705122838
"G/BG",1,"5","C",0.2747748,0.627964485061045,0.977958336546669,0.627964485061046,0.97795833654667,-0.14426019407724,0,0,0,0,0,"fulton1",0.0285981768547862,0.583045343419152,-0.5029148703709,-0.58306243216953,-0.625192705122838
"G/BG",2,"5","C",0.3338075,-1.04537351355893,-1.1923257930433,-1.04537351355893,-1.1923257930433,0.694734299000005,0,0,0,0,0,"fulton2",0.0252822806554572,-0.469651529366908,-0.5029148703709,-0.58306243216953,-0.625192705122838
"G/BG",3,"5","E",0.2462335,1.25678924724569,-1.76831813487644,1.25678924724569,-1.76831813487644,-0.549899670592216,3.50109409190372,1.75054704595186,0,4,1.75054704595186,"fulton3",0.0280651789826926,0.413834620457409,-0.108951140719062,-0.045573619147988,-0.095669284837854
"G/BG",4,"5","E",0.3578154,-0.26015157396847,-0.337094201436014,-0.260151573968469,-0.337094201436014,1.03594342360974,3.50109409190372,1.75054704595186,0,4,1.75054704595186,"fulton4",0.0268242862509391,0.0198886644759763,-0.108951140719062,-0.045573619147988,-0.095669284837854
"G/BR",1,"5","C",0.2828829,0.662086064455774,-0.246847524876492,0.662086064455774,-0.246847524876491,-0.0290248880634611,0,0,5,0,0,"fulton1",0.0267764240745194,0.00469386933976366,-0.5029148703709,-0.58306243216953,-0.625192705122838
"G/BR",2,"5","C",0.2437174,0.752918662239734,-1.55412871055695,0.752918662239735,-1.55412871055695,-0.585659411278846,0,0,5,0,0,"fulton2",0.0239578531193068,-0.89011726222652,-0.5029148703709,-0.58306243216953,-0.625192705122838
"G/BR",3,"5","E",0.2336066,-0.607230142645328,-0.313809039626364,-0.607230142645327,-0.313809039626364,-0.729357827929371,6.86378035902851,0,5,18,6.86378035902851,"fulton3",0.0261199180331045,-0.203726966301132,-0.5029148703709,1.52439601434643,0.412920626421872
"G/BR",4,"5","E",0.3147541,0.768130390523211,0.452389563765598,0.768130390523212,0.452389563765598,0.423940354721699,6.86378035902851,0,5,18,6.86378035902851,"fulton4",0.0264993782649833,-0.0832598058615751,-0.5029148703709,1.52439601434643,0.412920626421872
"G/GB",1,"7","C",0.1937015,1.20922968190537,-0.220881954517835,1.20922968190537,-0.220881954517835,-1.29650381897665,0,0,2,0,0,"fulton1",0.0231995879664798,-1.13084354168158,-0.5029148703709,-0.58306243216953,-0.625192705122838
"G/GB",2,"7","C",0.2981982,-0.205733445828646,-1.62819374958367,-0.205733445828646,-1.62819374958367,0.188641801073678,0,0,2,0,0,"fulton2",0.0281357597873543,0.436241893749357,-0.5029148703709,-0.58306243216953,-0.625192705122838
"G/GB",3,"7","E",0.2786885,-0.0813172110444402,1.43595537515432,-0.0813172110444398,1.43595537515432,-0.0886372470062706,3.86428626632661,1.9321431331633,2,7,1.9321431331633,"fulton3",0.0280421228349132,0.406514990044739,-0.0680826179487423,0.0101837314415589,-0.0407382383213133
"G/GB",4,"7","E",0.3693918,-1.07634488632528,-1.2210001514344,-1.07634488632527,-1.2210001514344,1.20047148771082,3.86428626632661,1.9321431331633,2,7,1.9321431331633,"fulton4",0.0280230501553472,0.40045999045252,-0.0680826179487423,0.0101837314415589,-0.0407382383213133
"G/GG",1,"6","C",0.3841382,0.689662863359774,1.30285662165968,0.689662863359775,1.30285662165968,1.41005276033962,0,0,8,0,0,"fulton1",0.030315000488363,1.12808498324781,-0.5029148703709,-0.58306243216953,-0.625192705122838
"G/GG",2,"6","C",0.2421185,0.211153573614332,0.285270037502553,0.211153573614332,0.285270037502553,-0.608383567466539,0,0,8,0,0,"fulton2",0.0247048521199174,-0.652967645758968,-0.5029148703709,-0.58306243216953,-0.625192705122838
"G/GG",3,"6","E",0.2873406,1.05516020002042,0.634896084844939,1.05516020002042,0.63489608484494,0.0343295875371881,5.19649236765183,1.6239038648912,8,19,3.57258850276064,"fulton3",0.0304248052183202,1.16294466789851,-0.137452414113003,0.513866872417712,0.160751442555751
"G/GG",4,"6","E",0.2849462,-0.141604103311416,-0.141644292609805,-0.141604103311415,-0.141644292609804,0.000299492111700635,5.19649236765183,1.6239038648912,8,19,3.57258850276064,"fulton4",0.024632,-0.676095993030031,-0.137452414113003,0.513866872417712,0.160751442555751
"G/OG",1,"9","C",0.2790309,0.913165973989891,0.514723661543257,0.913165973989891,0.514723661543258,-0.0837709319905308,0,0,2,0,0,"fulton1",0.0260533279055567,-0.224867320164495,-0.5029148703709,-0.58306243216953,-0.625192705122838
"G/OG",2,"9","C",0.2235043,-2.35308909906772,-0.914393824726564,-2.35308909906772,-0.914393824726564,-0.872935439446619,0,0,2,0,0,"fulton2",0.0220192902683643,-1.50555240500914,-0.5029148703709,-0.58306243216953,-0.625192705122838
"G/OG",3,"9","E",0.2656578,-0.957797415668222,0.0551078568662502,-0.957797415668221,0.0551078568662506,-0.273834358792478,4.8348106365834,0.8058017727639,2,12,4.0290088638195,"fulton3",0.0241554888206937,-0.827373897448405,-0.321567746629069,0.654006401184845,0.106048843236059
"G/OG",4,"9","E",0.3305556,-1.14130227512213,-0.27694912411684,-1.14130227512213,-0.27694912411684,0.648517097482239,4.8348106365834,0.8058017727639,2,12,4.0290088638195,"fulton4",0.025666326851531,-0.347728463833649,-0.321567746629069,0.654006401184845,0.106048843236059
"G/OO",1,"10","C",0.2830026,1.31980921447008,0.629418932304763,1.31980921447008,0.629418932304763,-0.0273236675395592,0,0,24,0,0,"fulton1",0.0259614350994546,-0.25404051009571,-0.5029148703709,-0.58306243216953,-0.625192705122838
"G/OO",2,"10","C",0.3019845,-0.851753089600784,-0.259155493741701,-0.851753089600783,-0.2591554937417,0.242454092382365,0,0,24,0,0,"fulton2",0.0244863163334489,-0.722346156176086,-0.5029148703709,-0.58306243216953,-0.625192705122838
"G/OO",3,"10","E",0.3378871,-0.851753089600784,-0.28871255311744,-0.851753089600783,-0.28871255311744,0.752715078025155,10.2021888332406,2.78241513633834,24,40,7.41977369690224,"fulton3",0.0273634115473064,0.191044659540165,0.12327261032919,1.69510847815179,0.917838639811206
"G/OO",4,"10","E",0.4233333,-0.04680559475426,-0.132611723054858,-0.0468055947542596,-0.132611723054857,1.96710796966618,10.2021888332406,2.78241513633834,24,40,7.41977369690224,"fulton4",0.0299536210599681,1.01335793170817,0.12327261032919,1.69510847815179,0.917838639811206
"G/RB",1,"5","C",0.2313243,-1.10829963991838,1.80134944923936,-1.10829963991838,1.80134944923936,-0.761794716832473,0,0,2,0,0,"fulton1",0.0235054421698228,-1.03374407172446,-0.5029148703709,-0.58306243216953,-0.625192705122838
"G/RB",2,"5","C",0.262309,-0.531232531313087,0.930622785675081,-0.531232531313086,0.930622785675081,-0.321428738829595,0,0,2,0,0,"fulton2",0.0250877302246123,-0.531415413951429,-0.5029148703709,-0.58306243216953,-0.625192705122838
"G/RB",3,"5","E",0.2680549,-0.802646267697309,1.7288273559643,-0.802646267697309,1.7288273559643,-0.239765889971716,5.45723863724955,3.50822483823185,2,7,1.9490137990177,"fulton3",0.0304086058802248,1.15780186742192,0.286617376090669,0.0153637088582949,0.200188045194687
"G/RB",4,"5","E",0.3559719,0.119591370726934,1.3919653941083,0.119591370726934,1.3919653941083,1.00974292205742,5.45723863724955,3.50822483823185,2,7,1.9490137990177,"fulton4",0.0285312663709457,0.561803286110559,0.286617376090669,0.0153637088582949,0.200188045194687
"G/RG",1,"C2","C",0.08152415,0.684207618589592,-2.60802080837984,0.684207618589593,-2.60802080837984,-2.89080966807383,0,0,19,0,0,"fulton1",0.0228497306656547,-1.24191266579182,-0.5029148703709,-0.58306243216953,-0.625192705122838
"G/RG",2,"C2","C",0.258548,-0.21906463669789,-1.89426358355104,-0.219064636697889,-1.89426358355104,-0.374881457212178,0,0,19,0,0,"fulton2",0.0250030225876195,-0.558307529748497,-0.5029148703709,-0.58306243216953,-0.625192705122838
"G/RR",1,"3","C",0.04693487,1.40081884342611,-0.29691282073376,1.40081884342611,-0.29691282073376,-3.38240526575963,0,0,2,0,0,"fulton1",0.0252400548696845,-0.483056940743431,-0.5029148703709,-0.58306243216953,-0.625192705122838
"G/RR",2,"3","C",0.1192118,1.02442528683371,-0.498729634954923,1.02442528683372,-0.498729634954922,-2.35517889382459,0,0,2,0,0,"fulton2",0.0261004384589961,-0.209911142618614,-0.5029148703709,-0.58306243216953,-0.625192705122838
"G/RR",3,"3","E",0.2441294,0.524487737416939,1.41784754953014,0.524487737416939,1.41784754953014,-0.579803915407104,9.15415598681802,7.68949102892713,2,6,1.46466495789088,"fulton3",0.0304687080924981,1.17688250418022,1.22761877731708,-0.133350993958537,0.759328778938849
"G/RR",4,"3","E",0.2871194,0.157221555214031,1.10667122149505,0.157221555214031,1.10667122149505,0.0311858115982819,9.15415598681802,7.68949102892713,2,6,1.46466495789088,"fulton4",0.0273380641631473,0.182997630793309,1.22761877731708,-0.133350993958537,0.759328778938849
"GB/B",1,"3","C",0.2941712,0.650840246945492,1.8403861087881,0.650840246945492,1.8403861087881,0.131408592637979,0,0,5,0,0,"fulton1",0.031263993486668,1.42936159191056,-0.5029148703709,-0.58306243216953,-0.625192705122838
"GB/B",2,"3","C",0.2853107,1.11037460209111,0.709281889942158,1.11037460209111,0.709281889942158,0.00547990047395829,0,0,5,0,0,"fulton2",0.0209873080304052,-1.8331755902253,-0.5029148703709,-0.58306243216953,-0.625192705122838
"GB/B",3,"3","E",0.3287317,0.511583840205618,1.35112106565582,0.511583840205618,1.35112106565582,0.622595158354881,6.87466948704389,1.05764145954521,5,16,5.81702802749868,"fulton3",0.0259359877495809,-0.262119274937069,-0.264890776702353,1.20300067138632,0.414567553970594
"GB/B",4,"3","E",0.3180328,-1.21074292387571,0.588079369939165,-1.21074292387571,0.588079369939166,0.470538447718502,6.87466948704389,1.05764145954521,5,16,5.81702802749868,"fulton4",0.0207517146776406,-1.90796936264636,-0.264890776702353,1.20300067138632,0.414567553970594
"GB/G",1,"4","C",0.1231481,0.678722644818326,-1.75825623276721,0.678722644818326,-1.75825623276721,-2.2992347472228,0,0,6,0,0,"fulton1",0.0209404124918824,-1.84806350703058,-0.5029148703709,-0.58306243216953,-0.625192705122838
"GB/G",2,"4","C",0.1675774,2.04754454839599,-1.24636192563042,2.04754454839599,-1.24636192563042,-1.66778915806159,0,0,6,0,0,"fulton2",0.0325676316109559,1.84322731453489,-0.5029148703709,-0.58306243216953,-0.625192705122838
"GB/G",3,"4","E",0.2433132,1.40349924499992,-0.325657151935654,1.40349924499993,-0.325657151935654,-0.591404050675347,8.28025477707006,3.82165605095541,6,13,4.45859872611465,"fulton3",0.0240619709127748,-0.857063008113462,0.357155628598319,0.785907880613841,0.627155479555939
"GB/G",4,"4","E",0.1944202,0.964138394566738,-0.989006659849595,0.964138394566739,-0.989006659849594,-1.28628938964893,8.28025477707006,3.82165605095541,6,13,4.45859872611465,"fulton4",0.0193390868307384,-2.35643602971072,0.357155628598319,0.785907880613841,0.627155479555939
"GB/R",1,"C1","C",0.1988783,-0.73320561894373,0.560986784902192,-0.73320561894373,0.560986784902192,-1.22292922910083,0,0,8,0,0,"fulton1",0.0265115498122644,-0.0793957072922727,-0.5029148703709,-0.58306243216953,-0.625192705122838
"GB/R",2,"C1","C",0.2274065,-0.689438280099331,0.352720093226421,-0.689438280099331,0.352720093226421,-0.817475934614788,0,0,8,0,0,"fulton2",0.022651991425612,-1.30468890096533,-0.5029148703709,-0.58306243216953,-0.625192705122838
"GG/B",1,"C2","C",0.2601381,0.802755089246645,0.955351984782179,0.802755089246646,0.955351984782179,-0.352282369868348,0,0,0,0,0,"fulton1",0.0259266878824754,-0.265071701801718,-0.5029148703709,-0.58306243216953,-0.625192705122838
"GG/B",2,"C2","C",0.3346995,-0.317680957123978,-1.11691800565023,-0.317680957123978,-1.11691800565023,0.707411731809701,0,0,0,0,0,"fulton2",0.0226395160174576,-1.30864946618252,-0.5029148703709,-0.58306243216953,-0.625192705122838
"GG/G",1,"4","C",0.3528904,0.886677861180265,1.47458087942984,0.886677861180266,1.47458087942984,0.965947508152624,0,0,0,0,0,"fulton1",0.0264127686870338,-0.110755730456322,-0.5029148703709,-0.58306243216953,-0.625192705122838
"GG/G",2,"4","C",0.2968614,-0.495282631349996,-0.592628441532221,-0.495282631349995,-0.59262844153222,0.169642706701479,0,0,0,0,0,"fulton2",0.0291490389311183,0.757927411563681,-0.5029148703709,-0.58306243216953,-0.625192705122838
"GG/G",3,"4","E",0.2088285,1.36252383636773,1.38247158812775,1.36252383636773,1.38247158812775,-1.0815133188508,11.142061281337,9.15240748109829,0,5,1.98965380023876,"fulton3",0.0283261736008268,0.496692527281954,1.556850729694,0.0278418345207927,1.05998976751112
"GG/G",4,"4","E",0.2303943,1.96674704914924,-0.519701785202567,1.96674704914924,-0.519701785202567,-0.775012219649757,11.142061281337,9.15240748109829,0,5,1.98965380023876,"fulton4",0.0259868974125292,-0.24595699489009,1.556850729694,0.0278418345207927,1.05998976751112
"GG/R",1,"4","C",0.2228353,1.20922968190537,0.248278689455264,1.20922968190537,0.248278689455264,-0.882443514053891,0,0,5,0,0,"fulton1",0.0285481010829532,0.567147798610116,-0.5029148703709,-0.58306243216953,-0.625192705122838
"GG/R",2,"4","C",0.2527778,1.64718204983972,-0.788104514612348,1.64718204983972,-0.788104514612348,-0.456889666627542,0,0,5,0,0,"fulton2",0.0262293473397715,-0.168986467203843,-0.5029148703709,-0.58306243216953,-0.625192705122838
"GG/R",3,"4","E",0.209752,0.166413310386665,1.92822145652101,0.166413310386666,1.92822145652101,-1.06838819642955,8.37598883201489,6.51465798045603,5,9,1.86133085155886,"fulton3",0.028192841238069,0.454363529967527,0.963220507893678,-0.0115585058064678,0.641634788846531
"GG/R",4,"4","E",0.2412178,-0.04680559475426,1.29661486586447,-0.0468055947542596,1.29661486586447,-0.621184647883235,8.37598883201489,6.51465798045603,5,9,1.86133085155886,"fulton4",0.0262885859926193,-0.150179984475717,0.963220507893678,-0.0115585058064678,0.641634788846531
"GO/B",1,"9","C",0.2928666,1.07018272063418,0.547101538564356,1.07018272063418,0.547101538564356,0.112867136535368,0,0,20,0,0,"fulton1",0.0257383591693076,-0.32486037897674,-0.5029148703709,-0.58306243216953,-0.625192705122838
"GO/B",2,"9","C",0.3537021,-0.04680559475426,-0.888915947765371,-0.0468055947542596,-0.888915947765371,0.977483687762075,0,0,20,0,0,"fulton2",0.0263920793980428,-0.117323954704536,-0.5029148703709,-0.58306243216953,-0.625192705122838
"GO/B",3,"9","E",0.2882883,-0.0930891603994867,-0.78295864851668,-0.0930891603994863,-0.78295864851668,0.0477986492790583,9.53389830508475,0,20,38,9.53389830508475,"fulton3",0.0260390410435267,-0.229402967264652,-0.5029148703709,2.34423032201162,0.816762954061577
"GO/B",4,"9","E",0.3960784,-1.65544325736797,-0.804426342525153,-1.65544325736797,-0.804426342525153,1.57975128414491,9.53389830508475,0,20,38,9.53389830508475,"fulton4",0.0230957889037065,-1.16379660842766,-0.5029148703709,2.34423032201162,0.816762954061577
"GO/O",1,"10","C",0.2808456,-0.877235215124145,-0.321510169784801,-0.877235215124145,-0.321510169784801,-0.0579797466544843,0,0,5,0,0,"fulton1",0.0244658780759603,-0.728834685505743,-0.5029148703709,-0.58306243216953,-0.625192705122838
"GO/O",2,"10","C",0.2090164,-1.83894811682188,-0.693682947869506,-1.83894811682188,-0.693682947869506,-1.07884281478696,0,0,5,0,0,"fulton2",0.0242975354706053,-0.782278377214105,-0.5029148703709,-0.58306243216953,-0.625192705122838
"GO/O",3,"10","E",0.2907679,0.202363210349756,-0.87626632295461,0.202363210349757,-0.87626632295461,0.0830396385110325,25.4009363482419,12.4514393863931,5,31,12.9494969618488,"fulton3",0.023716620935403,-0.966701193189822,2.29930373411676,3.39295738823214,3.21657513672587
"GO/O",4,"10","E",0.374537,0.184548759523791,-0.637915120259405,0.184548759523792,-0.637915120259405,1.27359696673822,25.4009363482419,12.4514393863931,5,31,12.9494969618488,"fulton4",0.0235701540195342,-1.01320001433293,2.29930373411676,3.39295738823214,3.21657513672587
"GR/B",1,"C2","C",0.214444,-0.347727671859176,-0.227211085014248,-0.347727671859176,-0.227211085014247,-1.00170376286106,0,0,1,0,0,"fulton1",0.0262026632855853,-0.177457848304599,-0.5029148703709,-0.58306243216953,-0.625192705122838
"GR/B",2,"C2","C",0.3688933,0.0704845488234602,-0.910146728035756,0.0704845488234607,-0.910146728035755,1.19338662195338,0,0,1,0,0,"fulton2",0.0187352480998368,-2.54813658529984,-0.5029148703709,-0.58306243216953,-0.625192705122838
"GR/G",1,"3","C",0.2955134,-0.04680559475426,1.85933531737343,-0.0468055947542596,1.85933531737343,0.150484433800728,0,0,0,0,0,"fulton1",0.0274783638797606,0.227538552478818,-0.5029148703709,-0.58306243216953,-0.625192705122838
"GR/G",2,"3","C",0.37572,-0.986151127151221,0.873081247258435,-0.98615112715122,0.873081247258435,1.29041019881655,0,0,0,0,0,"fulton2",0.0311550919289104,1.39478863714914,-0.5029148703709,-0.58306243216953,-0.625192705122838
"GR/G",3,"3","E",0.2689625,0.667662201688551,0.744480262978185,0.667662201688551,0.744480262978185,-0.226866744211537,7.47463961558996,4.27122263747998,0,6,3.20341697810998,"fulton3",0.0270145812468803,0.0803015770317662,0.458331389377579,0.400516268648053,0.505310112210093
"GR/G",4,"3","E",0.2581081,-1.17542385451686,-0.571002065690092,-1.17542385451686,-0.571002065690091,-0.381133478168439,7.47463961558996,4.27122263747998,0,6,3.20341697810998,"fulton4",0.0254621872992244,-0.412536604802776,0.458331389377579,0.400516268648053,0.505310112210093
"GR/R",1,"4","C",0.2008197,1.53151963448899,0.644098627772017,1.53151963448899,0.644098627772017,-1.19533733666054,0,0,1,0,0,"fulton1",0.0262850659207549,-0.151297500954184,-0.5029148703709,-0.58306243216953,-0.625192705122838
"GR/R",2,"4","C",0.2581967,0.270625988639923,-0.0937444306822963,0.270625988639923,-0.0937444306822959,-0.379874262308642,0,0,1,0,0,"fulton2",0.0256451787064032,-0.35444236104363,-0.5029148703709,-0.58306243216953,-0.625192705122838
"GR/R",3,"4","E",0.2348361,0.598618668819435,0.441787270635064,0.598618668819436,0.441787270635064,-0.711883720710178,11.4803625377643,9.06344410876133,1,5,2.41691842900302,"fulton3",0.0293593778729427,0.824703671426243,1.53682936434462,0.159029373120031,1.11115618397629
"GR/R",4,"4","E",0.2924236,-1.07634488632528,0.377879688880585,-1.07634488632527,0.377879688880585,0.106571057236383,11.4803625377643,9.06344410876133,1,5,2.41691842900302,"fulton4",0.026054294094795,-0.224560584269118,1.53682936434462,0.159029373120031,1.11115618397629
"O/BO",1,"C1","C",0.3064516,0.00820756160042092,0.563865994753661,0.00820756160042133,0.563865994753661,0.305942164248049,0,0,4,0,0,"fulton1",0.0278483310271434,0.344991945369182,-0.5029148703709,-0.58306243216953,-0.625192705122838
"O/BO",2,"C1","C",0.2337116,-1.17542385451686,-1.24544433724759,-1.17542385451686,-1.24544433724759,-0.727865529224194,0,0,4,0,0,"fulton2",0.0263870875278528,-0.118908722689562,-0.5029148703709,-0.58306243216953,-0.625192705122838
"O/GO",1,"9","C",0.2698198,0.716504192595597,-1.03445182144535,0.716504192595597,-1.03445182144535,-0.214682480592981,0,0,22,0,0,"fulton1",0.0205440502786869,-1.97389653594322,-0.5029148703709,-0.58306243216953,-0.625192705122838
"O/GO",2,"9","C",0.3591954,0.70048544286347,-1.02956386101999,0.700485442863471,-1.02956386101999,1.05555649230636,0,0,22,0,0,"fulton2",0.022042640422503,-1.49813943645909,-0.5029148703709,-0.58306243216953,-0.625192705122838
"O/GO",3,"9","E",0.3355735,0.365053645978396,1.06996516427613,0.365053645978397,1.06996516427613,0.719833341984224,0.563063063063063,0,22,23,0.563063063063063,"fulton3",0.0297106866680035,0.936233601107872,-0.5029148703709,-0.41017927651719,-0.540032160686521
"O/GO",4,"9","E",0.3723684,-0.647495119726398,-0.147035158585106,-0.647495119726397,-0.147035158585105,1.24277602414729,0.563063063063063,0,22,23,0.563063063063063,"fulton4",0.0269338766049921,0.054680291253213,-0.5029148703709,-0.41017927651719,-0.540032160686521
"O/OB",1,"9","C",0.1879699,0.737473496808358,1.27060791478486,0.737473496808358,1.27060791478487,-1.37796343096325,0,0,16,0,0,"fulton1",0.0219240778246883,-1.53577947958655,-0.5029148703709,-0.58306243216953,-0.625192705122838
"O/OB",2,"9","C",0.2925959,-0.549700759489819,-0.386198647456689,-0.549700759489818,-0.386198647456689,0.109019848349735,0,0,16,0,0,"fulton2",0.0242954324586978,-0.782946019964473,-0.5029148703709,-0.58306243216953,-0.625192705122838
"O/OB",3,"9","E",0.3424408,-1.24734660118957,-0.713520511036227,-1.24734660118957,-0.713520511036226,0.817433941013395,6.17283950617284,2.24466891133558,16,23,3.92817059483726,"fulton3",0.0258556898477967,-0.287611433019887,0.00225186490095798,0.623044970226593,0.308419189438264
"O/OB",4,"9","E",0.4373823,-1.21074292387571,0.224139325959815,-1.21074292387571,0.224139325959816,2.16677753641888,6.17283950617284,2.24466891133558,16,23,3.92817059483726,"fulton4",0.0242251029189631,-0.805273524232606,0.00225186490095798,0.623044970226593,0.308419189438264
"O/OO",1,"10","C",0.2858871,0.018858350895845,0.795888724943485,0.0188583508958454,0.795888724943485,0.0136719097469502,0,0,2,0,0,"fulton1",0.0229693402088608,-1.20394024912995,-0.5029148703709,-0.58306243216953,-0.625192705122838
"O/OO",2,"10","C",0.246333,-0.957797415668222,-0.220881954517835,-0.957797415668221,-0.220881954517835,-0.548485539914453,0,0,2,0,0,"fulton2",0.0266276006797189,-0.0425530626768643,-0.5029148703709,-0.58306243216953,-0.625192705122838
"O/OO",3,"10","E",0.3189815,1.10678639794803,-0.925256558985221,1.10678639794804,-0.925256558985221,0.484021721828993,6.5123010130246,2.89435600578871,2,12,3.61794500723589,"fulton3",0.0311554094041724,1.39488942595416,0.148465102316835,0.527793155524233,0.359761088126139
"O/OO",4,"10","E",0.3384236,0.018858350895845,-0.881356828304771,0.0188583508958454,-0.881356828304771,0.760340013790179,6.5123010130246,2.89435600578871,2,12,3.61794500723589,"fulton4",0.0242277354539906,-0.804437773888096,0.148465102316835,0.527793155524233,0.359761088126139
"OB/B",1,"10","C",0.3584987,1.10318535583793,1.83820905612054,1.10318535583793,1.83820905612054,1.04565473508829,0,0,4,0,0,"fulton1",0.0277847049559279,0.324792589849617,-0.5029148703709,-0.58306243216953,-0.625192705122838
"OB/B",2,"10","C",0.2433132,-0.957797415668222,1.67300371707929,-0.957797415668221,1.67300371707929,-0.591404050675347,0,0,4,0,0,"fulton2",0.0253521083340614,-0.447483350846897,-0.5029148703709,-0.58306243216953,-0.625192705122838
"OB/B",3,"10","E",0.3057156,0.705853403300173,1.42822406195161,0.705853403300173,1.42822406195162,0.295481860943188,6.87658342381469,3.98117987694535,4,12,2.89540354686934,"fulton3",0.026315608478136,-0.141601161651259,0.393056749679675,0.305943675506345,0.414857027580409
"OB/B",4,"10","E",0.3328625,0.568391466287446,-0.0548010713398669,0.568391466287446,-0.0548010713398666,0.681303610653411,6.87658342381469,3.98117987694535,4,12,2.89540354686934,"fulton4",0.0295265922281649,0.877789177800951,0.393056749679675,0.305943675506345,0.414857027580409
"OB/O",1,"8","C",0.2290651,1.23803422887009,0.246879304724264,1.23803422887009,0.246879304724264,-0.793903300020438,0,0,4,0,0,"fulton1",0.021872671986912,-1.55209928015238,-0.5029148703709,-0.58306243216953,-0.625192705122838
"OB/O",2,"8","C",0.2893221,1.11037460209111,-0.0556704717945247,1.11037460209111,-0.0556704717945243,0.0624913959591743,0,0,4,0,0,"fulton2",0.028579541370014,0.577129139966669,-0.5029148703709,-0.58306243216953,-0.625192705122838
"OB/O",3,"8","E",0.2497843,-0.0134382231101598,0.928156752415725,-0.0134382231101594,0.928156752415725,-0.499434392093711,1.94539913105505,1.2969327540367,4,6,0.648466377018352,"fulton3",0.0296534923902976,0.918076145728406,-0.211037844803671,-0.3839570016277,-0.330960566638502
"OB/O",4,"8","E",0.2758945,-1.21074292387571,0.845990535642721,-1.21074292387571,0.845990535642722,-0.128346604932604,1.94539913105505,1.2969327540367,4,6,0.648466377018352,"fulton4",0.0300888073460942,1.05627549368653,-0.211037844803671,-0.3839570016277,-0.330960566638502
"OG/B",1,"7","C",0.2750424,0.3110527158533,1.51133745174571,0.3110527158533,1.51133745174571,-0.140456964234331,0,0,14,0,0,"fulton1",0.0302478025295546,1.10675166132129,-0.5029148703709,-0.58306243216953,-0.625192705122838
"OG/B",2,"7","C",0.311956,1.408838728059,0.315613774015524,1.408838728059,0.315613774015524,0.384172726084021,0,0,14,0,0,"fulton2",0.0337234465797062,2.21016365089215,-0.5029148703709,-0.58306243216953,-0.625192705122838
"OG/B",3,"7","E",0.1921922,-1.07634488632528,0.412744304614138,-1.07634488632527,0.412744304614138,-1.31795454693593,2.64177527298345,2.64177527298345,14,11,0,"fulton3",0.0297283622925628,0.941845077939349,0.091621358662949,-0.58306243216953,-0.225637068669248
"OG/B",4,"7","E",0.2632058,1.06269948767815,-0.0692693779536503,1.06269948767815,-0.0692693779536499,-0.30868308665052,2.64177527298345,2.64177527298345,14,11,0,"fulton4",0.0256006388707512,-0.368582413351286,0.091621358662949,-0.58306243216953,-0.225637068669248
"OG/G",1,"7","C",0.1271186,1.97284700840325,-2.69545424270968,1.97284700840325,-2.69545424270968,-2.24280453761417,0,0,4,0,0,"fulton1",0.0270961404934885,0.106194173992013,-0.5029148703709,-0.58306243216953,-0.625192705122838
"OG/G",2,"7","C",0.1699074,2.08902666369408,-0.689680064455766,2.08902666369408,-0.689680064455766,-1.63467433917528,0,0,4,0,0,"fulton2",0.0246659218525558,-0.665326829594871,-0.5029148703709,-0.58306243216953,-0.625192705122838
"OG/G",3,"7","E",0.3037634,-0.851753089600784,-0.930632239197295,-0.851753089600783,-0.930632239197295,0.26773647492179,2.23538616295965,1.67653962221974,4,5,0.558846540739913,"fulton3",0.0277507238117354,0.314004603110956,-0.125606643204901,-0.411473919573936,-0.287101441193256
"OG/G",4,"7","E",0.2800926,-0.410653798218626,-0.200294586865289,-0.410653798218625,-0.200294586865289,-0.0686816602258968,2.23538616295965,1.67653962221974,4,5,0.558846540739913,"fulton4",0.0275441435923277,0.24842162406778,-0.125606643204901,-0.411473919573936,-0.287101441193256
"OG/O",1,"8","C",0.2139776,-0.755824328037579,0.93865806398829,-0.755824328037578,0.93865806398829,-1.00833241158577,0,0,6,0,0,"fulton1",0.0239403999787159,-0.895658107119088,-0.5029148703709,-0.58306243216953,-0.625192705122838
"OG/O",2,"8","C",0.2800546,-0.302987408631509,-0.248490339179608,-0.302987408631508,-0.248490339179608,-0.0692217302334852,0,0,6,0,0,"fulton2",0.0256511542593841,-0.352545303488743,-0.5029148703709,-0.58306243216953,-0.625192705122838
"OG/O",3,"8","E",0.200579,-0.778963052744192,-0.677531747882409,-0.778963052744191,-0.677531747882409,-1.19875825378755,10.9697235629662,0.438788942518649,6,30,10.5309346204476,"fulton3",0.0282678699575776,0.478182881855512,-0.404164637565454,2.65036083528346,1.03392452742322
"OG/O",4,"8","E",0.3371143,-0.778963052744192,-0.731137847565664,-0.778963052744191,-0.731137847565664,0.741731759555051,10.9697235629662,0.438788942518649,6,30,10.5309346204476,"fulton4",0.0248436098033211,-0.608916273033949,-0.404164637565454,2.65036083528346,1.03392452742322
"OO/B",1,"7","C",0.2895238,-0.117054344872901,-0.702501338120762,-0.117054344872901,-0.702501338120762,0.065358030709976,0,0,4,0,0,"fulton1",0.0279151128093907,0.366193143809905,-0.5029148703709,-0.58306243216953,-0.625192705122838
"OO/B",2,"7","C",0.3394539,-1.21074292387571,0.0486563508704211,-1.21074292387571,0.0486563508704215,0.774983017180122,0,0,4,0,0,"fulton2",0.0268030186256455,0.0131368359227517,-0.5029148703709,-0.58306243216953,-0.625192705122838
"OO/B",3,"7","E",0.2338223,-1.77399072802503,1.30456216598102,-1.77399072802503,1.30456216598102,-0.726292220017878,6.35391295139257,1.58847823784814,4,13,4.76543471354443,"fulton3",0.02992147194504,1.00315155891686,-0.145425014556627,0.880118950837463,0.335805665642165
"OO/B",4,"7","E",0.3665756,0.485268872105883,0.179992130648866,0.485268872105884,0.179992130648867,1.1604466152011,6.35391295139257,1.58847823784814,4,13,4.76543471354443,"fulton4",0.0258589651002828,-0.286571639298238,-0.145425014556627,0.880118950837463,0.335805665642165
"OO/G",1,"8","C",0.2516615,0.295076345547952,0.211500053482763,0.295076345547952,0.211500053482763,-0.472754933718868,0,0,4,0,0,"fulton1",0.0269124658835563,0.047883033997657,-0.5029148703709,-0.58306243216953,-0.625192705122838
"OO/G",2,"8","C",0.3747748,-0.363094232878305,-0.335396773287889,-0.363094232878304,-0.335396773287889,1.27697666799623,0,0,4,0,0,"fulton2",0.0295629352826574,0.889326999708491,-0.5029148703709,-0.58306243216953,-0.625192705122838
"OO/G",3,"8","E",0.3628035,-1.07634488632528,0.57013981301052,-1.07634488632527,0.57013981301052,1.10683613952683,2.27894257064722,0,4,9,2.27894257064722,"fulton3",0.0292591770248065,0.792892929128329,-0.5029148703709,0.11666519872964,-0.280513746784418
"OO/G",4,"8","E",0.3542857,-0.957797415668222,-0.793808256747108,-0.957797415668221,-0.793808256747108,0.985778026089135,2.27894257064722,0,4,9,2.27894257064722,"fulton4",0.024897548686538,-0.591792307061947,-0.5029148703709,0.11666519872964,-0.280513746784418
"OO/O",1,"8","C",0.2240437,0.379964884575774,1.74309769937804,0.379964884575774,1.74309769937804,-0.865269287812594,0,0,2,0,0,"fulton1",0.0248471077869477,-0.607805768903716,-0.5029148703709,-0.58306243216953,-0.625192705122838
"OO/O",2,"8","C",0.2729287,-0.851753089600784,0.0611776141751926,-0.851753089600783,0.0611776141751929,-0.170497647787978,0,0,2,0,0,"fulton2",0.0266748648565298,-0.0275481143513675,-0.5029148703709,-0.58306243216953,-0.625192705122838
"OO/O",3,"8","E",0.2689516,-0.568514208111066,-0.548503731751552,-0.568514208111065,-0.548503731751551,-0.227021659029502,1.71770710639969,0.736160188457008,2,6,0.981546917942678,"fulton3",0.027963264394687,0.381479817521634,-0.337240709178606,-0.281687790985239,-0.365397875805923
"OO/O",4,"8","E",0.3531616,-1.36589407184662,-0.83718240321592,-1.36589407184662,-0.837182403215919,0.969801902522568,1.71770710639969,0.736160188457008,2,6,0.981546917942678,"fulton4",0.029835082321568,0.97572546322407,-0.337240709178606,-0.281687790985239,-0.365397875805923
"R/BB",1,"C2","C",0.1191848,1.21247119902643,1.74662227893923,1.21247119902643,1.74662227893923,-2.35556262777735,0,0,0,0,0,"fulton1",0.0239824228026795,-0.882317129985645,-0.5029148703709,-0.58306243216953,-0.625192705122838
"R/BB",2,"C2","C",0.3947368,0.295076345547952,-0.702368849938581,0.295076345547952,-0.70236884993858,1.56068397040334,0,0,0,0,0,"fulton2",0.0255093086528391,-0.397576998527502,-0.5029148703709,-0.58306243216953,-0.625192705122838
"R/BG",1,"6","C",0.08522167,-0.04680559475426,-1.60196610510323,-0.0468055947542596,-1.60196610510323,-2.83825915085129,0,0,11,0,0,"fulton1",0.0283311463125467,0.498271213031485,-0.5029148703709,-0.58306243216953,-0.625192705122838
"R/BG",2,"6","C",0.2597343,0.524487737416939,-1.02612762213131,0.524487737416939,-1.02612762213131,-0.358021324317401,0,0,11,0,0,"fulton2",0.0329099713232064,1.95190983137287,-0.5029148703709,-0.58306243216953,-0.625192705122838
"R/BG",3,"6","E",0.2325976,0.518056468275359,-0.575549530774352,0.518056468275359,-0.575549530774352,-0.743698107867692,3.97526501766784,3.53356890459364,11,12,0.441696113074205,"fulton3",0.0299345636997857,1.00730779555746,0.292321103352113,-0.447443843636599,-0.0239532429894081
"R/BG",4,"6","E",0.2928666,-0.47777801281711,-0.300336940013026,-0.477778012817109,-0.300336940013025,0.112867136535368,3.97526501766784,3.53356890459364,11,12,0.441696113074205,"fulton4",0.0262186070396867,-0.172396188025122,0.292321103352113,-0.447443843636599,-0.0239532429894081
"R/BR",1,"6","C",0.2615519,-0.957797415668222,2.20176795589613,-0.957797415668221,2.20176795589613,-0.332188923112353,0,0,0,0,0,"fulton1",0.0281357597873543,0.436241893749357,-0.5029148703709,-0.58306243216953,-0.625192705122838
"R/BR",2,"6","C",0.3545045,-1.65544325736797,0.459645653890332,-1.65544325736797,0.459645653890332,0.988887692343352,0,0,0,0,0,"fulton2",0.0274783638797606,0.227538552478818,-0.5029148703709,-0.58306243216953,-0.625192705122838
"R/BR",3,"6","E",0.2853345,-1.24734660118957,-2.14791436709664,-1.24734660118957,-2.14791436709663,0.00581815484713204,15.8562367864693,13.7420718816068,0,4,2.11416490486258,"fulton3",0.0228276741293052,-1.24891494977294,2.58976287521786,0.0660717844024701,1.77298584010282
"R/BR",4,"6","E",0.2968542,0.401925541867091,-0.273290572722608,0.401925541867092,-0.273290572722607,0.16954037764741,15.8562367864693,13.7420718816068,0,4,2.11416490486258,"fulton4",0.0223628716570092,-1.39647569342596,2.58976287521786,0.0660717844024701,1.77298584010282
"R/GB",1,"7","C",0.2007089,1.5004009309464,-0.664392352854524,1.5004009309464,-0.664392352854524,-1.19691206710372,0,0,0,0,0,"fulton1",0.0229583777875552,-1.20742048672873,-0.5029148703709,-0.58306243216953,-0.625192705122838
"R/GB",2,"7","C",0.2564815,-0.232574775064468,-1.81439796418368,-0.232574775064468,-1.81439796418368,-0.404251316966927,0,0,0,0,0,"fulton2",0.0259266878824754,-0.265071701801718,-0.5029148703709,-0.58306243216953,-0.625192705122838
"R/GB",3,"7","E",0.3101237,0.783115633031957,0.678769968239689,0.783115633031958,0.67876996823969,0.358131403060249,7.7910174152154,0.916590284142988,0,15,6.87442713107241,"fulton3",0.0275311059825899,0.24428257683151,-0.296634594877213,1.5276650043925,0.553160712668764
"R/GB",4,"7","E",0.2850539,-0.21906463669789,-1.13934666744212,-0.219064636697889,-1.13934666744212,0.00183016421215439,7.7910174152154,0.916590284142988,0,15,6.87442713107241,"fulton4",0.0282244799736578,0.464407872736754,-0.296634594877213,1.5276650043925,0.553160712668764
"R/GG",1,"8","C",0.2222222,-1.14130227512213,0.333989520914044,-1.14130227512213,0.333989520914044,-0.891157117255263,0,0,0,0,0,"fulton1",0.029988858932087,1.02454489159874,-0.5029148703709,-0.58306243216953,-0.625192705122838
"R/GG",2,"8","C",0.3498117,-0.0244382254534814,0.0826458011661601,-0.024438225453481,0.0826458011661605,0.922191888879968,0,0,0,0,0,"fulton2",0.0247217991844224,-0.64758746473553,-0.5029148703709,-0.58306243216953,-0.625192705122838
"R/GG",3,"8","E",0.3784153,-1.14130227512213,0.868337635676928,-1.14130227512213,0.868337635676928,1.32871679596002,4.86313741836876,2.77893566763929,0,6,2.08420175072947,"fulton3",0.0282657720538684,0.477516860803789,0.122489549703054,0.0568718830421328,0.11033313094239
"R/GG",4,"8","E",0.4100753,-1.83894811682188,-0.66574263902329,-1.83894811682188,-0.665742639023289,1.77868038649248,4.86313741836876,2.77893566763929,0,6,2.08420175072947,"fulton4",0.0286320626289073,0.593803053041196,0.122489549703054,0.0568718830421328,0.11033313094239
"R/GR",1,"8","C",0.3777589,0.895584912195956,1.57397058543595,0.895584912195956,1.57397058543595,1.31938779719737,0,0,2,0,0,"fulton1",0.0268171158166288,0.0176122681953875,-0.5029148703709,-0.58306243216953,-0.625192705122838
"R/GR",2,"8","C",0.3177388,0.711192886359248,0.135016162824734,0.711192886359248,0.135016162824734,0.466360011344006,0,0,2,0,0,"fulton2",0.0223265317786923,-1.4080125069937,-0.5029148703709,-0.58306243216953,-0.625192705122838
"R/GR",3,"8","E",0.3175151,0.913165973989891,-0.503239324618706,0.913165973989891,-0.503239324618706,0.463180704483547,3.34846342733834,2.60436044348538,2,4,0.744102983852965,"fulton3",0.0269490790880825,0.0595066203798863,0.0832010846649244,-0.354592691535141,-0.118753929071761
"R/GR",4,"8","E",0.3964218,-1.24734660118957,-0.380310649509239,-1.24734660118957,-0.380310649509238,1.58463181152927,3.34846342733834,2.60436044348538,2,4,0.744102983852965,"fulton4",0.0313387147356239,1.4530833311865,0.0832010846649244,-0.354592691535141,-0.118753929071761
"R/RB",1,"6","C",0.328755,0.0293976115528794,1.91224011134661,0.0293976115528798,1.91224011134661,0.622926306543744,0,0,0,0,0,"fulton1",0.0258264462809917,-0.296895382056338,-0.5029148703709,-0.58306243216953,-0.625192705122838
"R/RB",2,"6","C",0.3671171,0.633732352972775,-0.0972034895083238,0.633732352972775,-0.0972034895083234,1.16814261280923,0,0,0,0,0,"fulton2",0.0249261974650215,-0.582697185349504,-0.5029148703709,-0.58306243216953,-0.625192705122838
"R/RB",3,"6","E",0.2516129,1.2782373385266,-2.07187775290169,1.2782373385266,-2.07187775290169,-0.473445654833836,21.6998191681736,17.4804098854732,0,7,4.21940928270042,"fulton3",0.0240710378549354,-0.854184527882347,3.43108249933662,0.712467038035347,2.65679919908473
"R/RB",4,"6","E",0.2972973,0.286992043481126,-1.1166606900771,0.286992043481127,-1.1166606900771,0.175837878183257,21.6998191681736,17.4804098854732,0,7,4.21940928270042,"fulton4",0.0232114406238687,-1.12708068101965,3.43108249933662,0.712467038035347,2.65679919908473
"R/RG",1,"6","C",0.2413024,0.278842280766096,-0.093215372518743,0.278842280766096,-0.0932153725187426,-0.619982281497921,0,0,0,0,0,"fulton1",0.0231995879664798,-1.13084354168158,-0.5029148703709,-0.58306243216953,-0.625192705122838
"R/RG",2,"6","C",0.1397757,-0.129254375412306,-0.678144436599465,-0.129254375412306,-0.678144436599465,-2.06291716674467,0,0,0,0,0,"fulton2",0.0208451822753693,-1.87829622394686,-0.5029148703709,-0.58306243216953,-0.625192705122838
"R/RG",3,"6","E",0.1203624,0.943212688725089,0.43570184259709,0.943212688725089,0.43570184259709,-2.33882614248958,5.40832882639265,4.86749594375338,0,1,0.540832882639264,"fulton3",0.0229343095882233,-1.21506141293608,0.59252375865696,-0.41700484188367,0.192790674644056
"R/RG",4,"6","E",0.3019126,1.14902295292911,-1.20447133568529,1.14902295292911,-1.20447133568529,0.241432223078534,5.40832882639265,4.86749594375338,0,1,0.540832882639264,"fulton4",0.0229343095882233,-1.21506141293608,0.59252375865696,-0.41700484188367,0.192790674644056
"R/RR",1,"4","C",0.3218292,1.24745542273891,0.735119617651181,1.24745542273891,0.735119617651181,0.524494283950259,0,0,2,0,0,"fulton1",0.0235580583636761,-1.01704001966804,-0.5029148703709,-0.58306243216953,-0.625192705122838
"R/RR",2,"4","C",0.2609277,-0.317680957123978,-0.752646976286948,-0.317680957123978,-0.752646976286947,-0.341060283605416,0,0,2,0,0,"fulton2",0.0304971202825081,1.18590251619947,-0.5029148703709,-0.58306243216953,-0.625192705122838
"R/RR",3,"4","E",0.2862206,-0.51309708217596,0.636512829285375,-0.513097082175959,0.636512829285376,0.0184117346819651,32.8992460589445,24.6744345442084,2,14,8.22481151473612,"fulton3",0.0260804957857081,-0.216242338935772,5.05011055820351,1.94228767973086,4.3506579405983
"R/RR",4,"4","E",0.3677448,-0.47777801281711,0.65077910979285,-0.477778012817109,0.65077910979285,1.17706371659247,32.8992460589445,24.6744345442084,2,14,8.22481151473612,"fulton4",0.0238542972331108,-0.922993127755477,5.05011055820351,1.94228767973086,4.3506579405983
"RB/B",1,"2","C",0.3126177,1.86882781419834,-0.618707347396575,1.86882781419834,-0.618707347396575,0.393577050400361,0,0,6,0,0,"fulton1",0.0303209445996492,1.12997205901446,-0.5029148703709,-0.58306243216953,-0.625192705122838
"RB/B",2,"2","C",0.2959927,0.574509966565067,-0.578416671525973,0.574509966565068,-0.578416671525972,0.157296422080647,0,0,6,0,0,"fulton2",0.0353517530917787,2.72710177867274,-0.5029148703709,-0.58306243216953,-0.625192705122838
"RB/B",3,"2","E",0.1958106,1.35412470393112,-0.28871255311744,1.35412470393112,-0.28871255311744,-1.26652851231866,6.84324933580227,2.41526447145962,6,17,4.42798486434265,"fulton3",0.0279840660837191,0.388083725387384,0.0406446994631199,0.776508185664831,0.409815409208245
"RB/B",4,"2","E",0.2986111,-0.647495119726398,-1.35761129472733,-0.647495119726397,-1.35761129472733,0.194510088077179,6.84324933580227,2.41526447145962,6,17,4.42798486434265,"fulton4",0.0248675280095535,-0.601322965104529,0.0406446994631199,0.776508185664831,0.409815409208245
"RB/G",1,"2","C",0.3649698,0.598618668819435,1.82861611945398,0.598618668819436,1.82861611945398,1.13762439366993,0,0,2,0,0,"fulton1",0.0299062644502613,0.998323638730546,-0.5029148703709,-0.58306243216953,-0.625192705122838
"RB/G",2,"2","C",0.3518018,0.845590923909685,-0.357857829001202,0.845590923909686,-0.357857829001201,0.950475923672092,0,0,2,0,0,"fulton2",0.0270524538965318,0.0923249991944758,-0.5029148703709,-0.58306243216953,-0.625192705122838
"RB/G",3,"2","E",0.3130631,-2.15111601143708,-0.14394308317968,-2.15111601143708,-0.143943083179679,0.399907239384036,6.33927816752599,3.38094835601386,2,9,2.95832981151213,"fulton3",0.0300530219078887,1.04491469810498,0.257973577143638,0.325264586286176,0.333592225898833
"RB/G",4,"2","E",0.3028233,-1.90838876557546,0.614550614609994,-1.90838876557546,0.614550614609994,0.254375427181438,6.33927816752599,3.38094835601386,2,9,2.95832981151213,"fulton4",0.0243096079559464,-0.778445727818173,0.257973577143638,0.325264586286176,0.333592225898833
"RB/R",1,"2","C",0.2738148,0.580591496826851,0.992570821935613,0.580591496826851,0.992570821935613,-0.157904067953145,0,0,4,0,0,"fulton1",0.0286014816320156,0.584094510354881,-0.5029148703709,-0.58306243216953,-0.625192705122838
"RB/R",2,"2","C",0.1891626,0.921842667346827,-1.63909332273315,0.921842667346828,-1.63909332273315,-1.3610123389093,0,0,4,0,0,"fulton2",0.0187828700225394,-2.53301806346094,-0.5029148703709,-0.58306243216953,-0.625192705122838
"RB/R",3,"2","E",0.2755871,-0.26015157396847,-0.499262207182568,-0.260151573968469,-0.499262207182568,-0.132715487046618,25.4022015241321,16.4055884843353,4,21,8.99661303979678,"fulton3",0.0241011948152024,-0.844610604014577,3.18919202922266,2.1792619938759,3.21676648841396
"RB/R",4,"2","E",0.3142857,0.430480370384652,-1.75571400946467,0.430480370384653,-1.75571400946467,0.417283281259747,25.4022015241321,16.4055884843353,4,21,8.99661303979678,"fulton4",0.0256878532411182,-0.340894485434264,3.18919202922266,2.1792619938759,3.21676648841396
"RG/B",1,"C1","C",0.2572509,0.763085316320188,1.60265065086016,0.763085316320188,1.60265065086016,-0.393316320550133,0,0,0,0,0,"fulton1",0.0293482344102179,0.821165958645976,-0.5029148703709,-0.58306243216953,-0.625192705122838
"RG/B",2,"C1","C",0.369074,0.662086064455774,-0.40425628565953,0.662086064455774,-0.40425628565953,1.19595479696315,0,0,0,0,0,"fulton2",0.020704336927104,-1.9230103671988,-0.5029148703709,-0.58306243216953,-0.625192705122838
"RG/G",1,"1","C",0.2218152,1.77154941757388,-0.676306786083196,1.77154941757388,-0.676306786083196,-0.896941551283902,0,0,4,0,0,"fulton1",0.0271682680120469,0.129092482221206,-0.5029148703709,-0.58306243216953,-0.625192705122838
"RG/G",2,"1","C",0.3030572,-0.0581784863378261,-0.786919643768854,-0.0581784863378257,-0.786919643768854,0.257699700201828,0,0,4,0,0,"fulton2",0.0330363217317654,1.99202226914828,-0.5029148703709,-0.58306243216953,-0.625192705122838
"RG/G",3,"1","E",0.2900378,0.913165973989891,-0.932122037892806,0.913165973989891,-0.932122037892806,0.0726631881810339,13.1297412954678,6.32172729041043,4,18,6.80801400505738,"fulton3",0.0269780170879316,0.0686935611387661,0.919801112573549,1.50727348600776,1.36061668352249
"RG/G",4,"1","E",0.316855,-0.117054344872901,-0.761434086803313,-0.117054344872901,-0.761434086803312,0.453799119957001,13.1297412954678,6.32172729041043,4,18,6.80801400505738,"fulton4",0.0277561818378145,0.315737361508585,0.919801112573549,1.50727348600776,1.36061668352249
"RG/R",1,"C1","C",0.2299285,-0.73320561894373,1.17851360931827,-0.73320561894373,1.17851360931827,-0.781632340953295,0,0,4,0,0,"fulton1",0.0286586606961124,0.602247135873049,-0.5029148703709,-0.58306243216953,-0.625192705122838
"RG/R",2,"C1","C",0.241869,-0.0696813566387066,-0.803784414439396,-0.0696813566387062,-0.803784414439395,-0.611929553437412,0,0,4,0,0,"fulton2",0.0224822977198041,-1.35856152625186,-0.5029148703709,-0.58306243216953,-0.625192705122838
"RR/B",1,"2","C",0.3593615,1.29029125740195,1.36268315813159,1.29029125740195,1.36268315813159,1.05791716673426,0,0,2,0,0,"fulton1",0.0279206617643569,0.367954769382301,-0.5029148703709,-0.58306243216953,-0.625192705122838
"RR/B",2,"2","C",0.335401,-0.394549611518907,-0.2581807895495,-0.394549611518906,-0.2581807895495,0.717381708397147,0,0,2,0,0,"fulton2",0.0296707907087699,0.923567839275366,-0.5029148703709,-0.58306243216953,-0.625192705122838
"RR/B",3,"2","E",0.2466044,0.245566847025337,-0.73323642193339,0.245566847025337,-0.733236421933389,-0.544628303070785,12.1384476659499,2.08087674273427,2,31,10.0575709232156,"fulton3",0.029430803423678,0.847379126077474,-0.0346098542851423,2.50501901636972,1.21068835271216
"RR/B",4,"2","E",0.3772819,-0.668248230146872,-0.596362927545204,-0.668248230146872,-0.596362927545204,1.31260849736527,12.1384476659499,2.08087674273427,2,31,10.0575709232156,"fulton4",0.0288636302482677,0.667318776720524,-0.0346098542851423,2.50501901636972,1.21068835271216
"RR/R",1,"1","C",0.3512414,-1.21074292387571,2.34752364370934,-1.21074292387571,2.34752364370934,0.942511312297032,0,0,0,0,0,"fulton1",0.0330981009923183,2.01163531807311,-0.5029148703709,-0.58306243216953,-0.625192705122838
"RR/R",2,"1","C",0.279701,0.451377111229362,0.378472360135188,0.451377111229363,0.378472360135188,-0.0742472237777771,0,0,0,0,0,"fulton2",0.0248072575318803,-0.620457021044138,-0.5029148703709,-0.58306243216953,-0.625192705122838
"RR/R",3,"1","E",0.3167922,0.416304217778824,-0.276345311270164,0.416304217778824,-0.276345311270163,0.452906583207619,4.33233850004814,4.33233850004814,0,0,0,"fulton3",0.0276428472808668,0.279757063421577,0.472085623069224,-0.58306243216953,0.0300523811725735
"RR/R",4,"1","E",0.2552995,-0.495282631349996,0.562482141264961,-0.495282631349995,0.562482141264962,-0.421050336676635,4.33233850004814,4.33233850004814,0,0,0,"fulton4",0.0299222785594746,1.00340763463268,0.472085623069224,-0.58306243216953,0.0300523811725735
